timestamp,uuid,used_MiB,total_MiB,utilization_percent,power_W
2026/10/10 18:28:46.265,GPU-13316917-f6f2-4d83-5def-71d3279491c9,0,97887,0,79.59
2026/10/10 18:28:46.789,GPU-13316917-f6f2-4d83-5def-71d3279491c9,0,97887,0,79.73
2026/10/10 18:28:47.315,GPU-13316917-f6f2-4d83-5def-71d3279491c9,0,97887,0,78.66
2026/10/10 18:28:47.840,GPU-13316917-f6f2-4d83-5def-71d3279491c9,0,97887,0,78.66
2026/10/10 18:28:48.366,GPU-13316917-f6f2-4d83-5def-71d3279491c9,0,97887,0,59.67
2026/10/10 18:28:48.890,GPU-13316917-f6f2-4d83-5def-71d3279491c9,0,97887,0,59.67
2026/10/10 18:28:49.414,GPU-13316917-f6f2-4d83-5def-71d3279491c9,0,97887,0,57.64
2026/10/10 18:28:49.939,GPU-13316917-f6f2-4d83-5def-71d3279491c9,0,97887,0,57.64
2026/10/10 18:28:50.463,GPU-13316917-f6f2-4d83-5def-71d3279491c9,0,97887,0,57.39
2026/10/10 18:28:50.988,GPU-13316917-f6f2-4d83-5def-71d3279491c9,0,97887,0,57.39
2026/10/10 18:28:51.513,GPU-13316917-f6f2-4d83-5def-71d3279491c9,0,97887,0,57.39
2026/10/10 18:28:52.047,GPU-13316917-f6f2-4d83-5def-71d3279491c9,0,97887,0,57.39
2026/10/10 18:28:52.586,GPU-13316917-f6f2-4d83-5def-71d3279491c9,0,97887,0,57.39
2026/10/10 18:28:53.111,GPU-13316917-f6f2-4d83-5def-71d3279491c9,0,97887,0,57.39
2026/10/10 18:28:53.635,GPU-13316917-f6f2-4d83-5def-71d3279491c9,0,97887,0,57.39
2026/10/10 18:28:54.159,GPU-13316917-f6f2-4d83-5def-71d3279491c9,0,97887,0,57.39
2026/10/10 18:28:54.684,GPU-13316917-f6f2-4d83-5def-71d3279491c9,863,97887,2,60.92
2026/10/10 18:28:55.208,GPU-13316917-f6f2-4d83-5def-71d3279491c9,863,97887,0,70.94
2026/10/10 18:28:55.734,GPU-13316917-f6f2-4d83-5def-71d3279491c9,865,97887,0,76.48
2026/10/10 18:28:56.259,GPU-13316917-f6f2-4d83-5def-71d3279491c9,961,97887,0,76.40
2026/10/10 18:28:56.784,GPU-13316917-f6f2-4d83-5def-71d3279491c9,1013,97887,1,76.71
2026/10/10 18:28:57.309,GPU-13316917-f6f2-4d83-5def-71d3279491c9,1045,97887,0,76.53
2026/10/10 18:28:57.848,GPU-13316917-f6f2-4d83-5def-71d3279491c9,1045,97887,0,76.53
2026/10/10 18:28:58.374,GPU-13316917-f6f2-4d83-5def-71d3279491c9,2027,97887,0,76.58
2026/10/10 18:28:58.901,GPU-13316917-f6f2-4d83-5def-71d3279491c9,2873,97887,0,77.57
2026/10/10 18:28:59.426,GPU-13316917-f6f2-4d83-5def-71d3279491c9,2873,97887,0,77.93
2026/10/10 18:28:59.951,GPU-13316917-f6f2-4d83-5def-71d3279491c9,2873,97887,0,77.86
2026/10/10 18:29:00.477,GPU-13316917-f6f2-4d83-5def-71d3279491c9,2873,97887,100,83.39
2026/10/10 18:29:01.001,GPU-13316917-f6f2-4d83-5def-71d3279491c9,2873,97887,100,89.19
2026/10/10 18:29:01.526,GPU-13316917-f6f2-4d83-5def-71d3279491c9,2873,97887,100,89.29
2026/10/10 18:29:02.051,GPU-13316917-f6f2-4d83-5def-71d3279491c9,2873,97887,100,89.30
2026/10/10 18:29:02.583,GPU-13316917-f6f2-4d83-5def-71d3279491c9,2873,97887,100,89.29
2026/10/10 18:29:03.124,GPU-13316917-f6f2-4d83-5def-71d3279491c9,2873,97887,100,89.21
2026/10/10 18:29:03.648,GPU-13316917-f6f2-4d83-5def-71d3279491c9,2873,97887,100,89.14
2026/10/10 18:29:04.172,GPU-13316917-f6f2-4d83-5def-71d3279491c9,2873,97887,100,89.30
2026/10/10 18:29:04.697,GPU-13316917-f6f2-4d83-5def-71d3279491c9,2873,97887,100,89.24
2026/10/10 18:29:05.222,GPU-13316917-f6f2-4d83-5def-71d3279491c9,2873,97887,100,89.10
2026/10/10 18:29:05.747,GPU-13316917-f6f2-4d83-5def-71d3279491c9,2873,97887,100,89.00
2026/10/10 18:29:06.272,GPU-13316917-f6f2-4d83-5def-71d3279491c9,2873,97887,100,88.98
2026/10/10 18:29:06.798,GPU-13316917-f6f2-4d83-5def-71d3279491c9,2873,97887,100,89.03
2026/10/10 18:29:07.322,GPU-13316917-f6f2-4d83-5def-71d3279491c9,2873,97887,100,88.98
2026/10/10 18:29:07.848,GPU-13316917-f6f2-4d83-5def-71d3279491c9,2873,97887,100,88.94
2026/10/10 18:29:08.373,GPU-13316917-f6f2-4d83-5def-71d3279491c9,2873,97887,100,88.99
2026/10/10 18:29:08.898,GPU-13316917-f6f2-4d83-5def-71d3279491c9,2873,97887,100,89.00
2026/10/10 18:29:09.424,GPU-13316917-f6f2-4d83-5def-71d3279491c9,2873,97887,100,89.00
2026/10/10 18:29:09.949,GPU-13316917-f6f2-4d83-5def-71d3279491c9,2873,97887,100,89.03
2026/10/10 18:29:10.473,GPU-13316917-f6f2-4d83-5def-71d3279491c9,2873,97887,100,88.94
2026/10/10 18:29:10.998,GPU-13316917-f6f2-4d83-5def-71d3279491c9,2873,97887,100,88.95
2026/10/10 18:29:11.522,GPU-13316917-f6f2-4d83-5def-71d3279491c9,2873,97887,100,88.90
2026/10/10 18:29:12.048,GPU-13316917-f6f2-4d83-5def-71d3279491c9,2873,97887,100,88.90
2026/10/10 18:29:12.573,GPU-13316917-f6f2-4d83-5def-71d3279491c9,2873,97887,100,88.90
2026/10/10 18:29:13.102,GPU-13316917-f6f2-4d83-5def-71d3279491c9,3097,97887,52,87.89
2026/10/10 18:29:13.628,GPU-13316917-f6f2-4d83-5def-71d3279491c9,3165,97887,0,81.25
2026/10/10 18:29:14.154,GPU-13316917-f6f2-4d83-5def-71d3279491c9,3165,97887,0,76.59
2026/10/10 18:29:14.679,GPU-13316917-f6f2-4d83-5def-71d3279491c9,3485,97887,0,76.55
2026/10/10 18:29:15.204,GPU-13316917-f6f2-4d83-5def-71d3279491c9,3489,97887,0,76.30
2026/10/10 18:29:15.731,GPU-13316917-f6f2-4d83-5def-71d3279491c9,3489,97887,0,76.14
2026/10/10 18:29:16.256,GPU-13316917-f6f2-4d83-5def-71d3279491c9,3489,97887,0,76.18
2026/10/10 18:29:16.781,GPU-13316917-f6f2-4d83-5def-71d3279491c9,3489,97887,0,76.34
2026/10/10 18:29:17.308,GPU-13316917-f6f2-4d83-5def-71d3279491c9,3541,97887,2,77.47
2026/10/10 18:29:17.833,GPU-13316917-f6f2-4d83-5def-71d3279491c9,3541,97887,68,100.08
2026/10/10 18:29:18.360,GPU-13316917-f6f2-4d83-5def-71d3279491c9,3541,97887,78,117.76
2026/10/10 18:29:18.885,GPU-13316917-f6f2-4d83-5def-71d3279491c9,3541,97887,87,119.82
2026/10/10 18:29:19.412,GPU-13316917-f6f2-4d83-5def-71d3279491c9,3541,97887,87,119.02
2026/10/10 18:29:19.939,GPU-13316917-f6f2-4d83-5def-71d3279491c9,3541,97887,82,117.91
2026/10/10 18:29:20.465,GPU-13316917-f6f2-4d83-5def-71d3279491c9,3541,97887,88,122.28
2026/10/10 18:29:20.993,GPU-13316917-f6f2-4d83-5def-71d3279491c9,3541,97887,82,123.71
2026/10/10 18:29:21.518,GPU-13316917-f6f2-4d83-5def-71d3279491c9,3541,97887,90,122.26
2026/10/10 18:29:22.045,GPU-13316917-f6f2-4d83-5def-71d3279491c9,3541,97887,82,123.32
2026/10/10 18:29:22.572,GPU-13316917-f6f2-4d83-5def-71d3279491c9,3541,97887,90,124.42
2026/10/10 18:29:23.100,GPU-13316917-f6f2-4d83-5def-71d3279491c9,3541,97887,83,122.27
2026/10/10 18:29:23.627,GPU-13316917-f6f2-4d83-5def-71d3279491c9,3541,97887,83,121.04
2026/10/10 18:29:24.154,GPU-13316917-f6f2-4d83-5def-71d3279491c9,3541,97887,91,122.86
2026/10/10 18:29:24.680,GPU-13316917-f6f2-4d83-5def-71d3279491c9,3541,97887,83,126.07
2026/10/10 18:29:25.205,GPU-13316917-f6f2-4d83-5def-71d3279491c9,3541,97887,92,122.62
2026/10/10 18:29:25.737,GPU-13316917-f6f2-4d83-5def-71d3279491c9,3541,97887,62,117.11
2026/10/10 18:29:26.264,GPU-13316917-f6f2-4d83-5def-71d3279491c9,3541,97887,68,113.46
2026/10/10 18:29:26.789,GPU-13316917-f6f2-4d83-5def-71d3279491c9,3541,97887,73,114.28
2026/10/10 18:29:27.316,GPU-13316917-f6f2-4d83-5def-71d3279491c9,3541,97887,73,115.96
2026/10/10 18:29:27.854,GPU-13316917-f6f2-4d83-5def-71d3279491c9,3541,97887,72,112.81
2026/10/10 18:29:28.379,GPU-13316917-f6f2-4d83-5def-71d3279491c9,3541,97887,65,114.75
2026/10/10 18:29:28.904,GPU-13316917-f6f2-4d83-5def-71d3279491c9,3541,97887,61,115.98
2026/10/10 18:29:29.432,GPU-13316917-f6f2-4d83-5def-71d3279491c9,3541,97887,64,111.02
2026/10/10 18:29:29.959,GPU-13316917-f6f2-4d83-5def-71d3279491c9,3541,97887,71,111.35
2026/10/10 18:29:30.485,GPU-13316917-f6f2-4d83-5def-71d3279491c9,3541,97887,71,115.75
2026/10/10 18:29:31.011,GPU-13316917-f6f2-4d83-5def-71d3279491c9,3541,97887,72,113.10
2026/10/10 18:29:31.538,GPU-13316917-f6f2-4d83-5def-71d3279491c9,3541,97887,66,110.03
2026/10/10 18:29:32.065,GPU-13316917-f6f2-4d83-5def-71d3279491c9,3541,97887,77,123.71
2026/10/10 18:29:32.605,GPU-13316917-f6f2-4d83-5def-71d3279491c9,3541,97887,90,132.17
2026/10/10 18:29:33.130,GPU-13316917-f6f2-4d83-5def-71d3279491c9,3541,97887,90,124.45
2026/10/10 18:29:33.656,GPU-13316917-f6f2-4d83-5def-71d3279491c9,3541,97887,89,124.12
2026/10/10 18:29:34.181,GPU-13316917-f6f2-4d83-5def-71d3279491c9,3541,97887,90,126.19
2026/10/10 18:29:34.707,GPU-13316917-f6f2-4d83-5def-71d3279491c9,3541,97887,90,128.09
2026/10/10 18:29:35.234,GPU-13316917-f6f2-4d83-5def-71d3279491c9,3541,97887,91,128.52
2026/10/10 18:29:35.760,GPU-13316917-f6f2-4d83-5def-71d3279491c9,3541,97887,90,128.62
2026/10/10 18:29:36.287,GPU-13316917-f6f2-4d83-5def-71d3279491c9,3541,97887,91,128.15
2026/10/10 18:29:36.813,GPU-13316917-f6f2-4d83-5def-71d3279491c9,3541,97887,91,126.77
2026/10/10 18:29:37.339,GPU-13316917-f6f2-4d83-5def-71d3279491c9,3541,97887,91,127.49
2026/10/10 18:29:37.865,GPU-13316917-f6f2-4d83-5def-71d3279491c9,3541,97887,91,129.49
2026/10/10 18:29:38.390,GPU-13316917-f6f2-4d83-5def-71d3279491c9,3541,97887,91,130.59
2026/10/10 18:29:38.916,GPU-13316917-f6f2-4d83-5def-71d3279491c9,3541,97887,72,123.38
2026/10/10 18:29:39.443,GPU-13316917-f6f2-4d83-5def-71d3279491c9,3541,97887,73,119.18
2026/10/10 18:29:39.967,GPU-13316917-f6f2-4d83-5def-71d3279491c9,3541,97887,73,123.48
2026/10/10 18:29:40.493,GPU-13316917-f6f2-4d83-5def-71d3279491c9,3541,97887,72,125.85
2026/10/10 18:29:41.019,GPU-13316917-f6f2-4d83-5def-71d3279491c9,3541,97887,73,123.53
2026/10/10 18:29:41.545,GPU-13316917-f6f2-4d83-5def-71d3279491c9,3541,97887,73,118.00
2026/10/10 18:29:42.069,GPU-13316917-f6f2-4d83-5def-71d3279491c9,3541,97887,72,114.84
2026/10/10 18:29:42.595,GPU-13316917-f6f2-4d83-5def-71d3279491c9,3541,97887,71,114.65
2026/10/10 18:29:43.123,GPU-13316917-f6f2-4d83-5def-71d3279491c9,3541,97887,73,119.35
2026/10/10 18:29:43.649,GPU-13316917-f6f2-4d83-5def-71d3279491c9,3541,97887,73,117.45
2026/10/10 18:29:44.173,GPU-13316917-f6f2-4d83-5def-71d3279491c9,3541,97887,73,112.53
2026/10/10 18:29:44.699,GPU-13316917-f6f2-4d83-5def-71d3279491c9,3541,97887,72,112.46
2026/10/10 18:29:45.224,GPU-13316917-f6f2-4d83-5def-71d3279491c9,3541,97887,73,115.02
2026/10/10 18:29:45.751,GPU-13316917-f6f2-4d83-5def-71d3279491c9,3541,97887,73,118.63
2026/10/10 18:29:46.277,GPU-13316917-f6f2-4d83-5def-71d3279491c9,3541,97887,73,116.74
2026/10/10 18:29:46.803,GPU-13316917-f6f2-4d83-5def-71d3279491c9,3541,97887,72,113.82
2026/10/10 18:29:47.340,GPU-13316917-f6f2-4d83-5def-71d3279491c9,3541,97887,71,112.41
2026/10/10 18:29:47.867,GPU-13316917-f6f2-4d83-5def-71d3279491c9,3541,97887,70,112.06
2026/10/10 18:29:48.392,GPU-13316917-f6f2-4d83-5def-71d3279491c9,3541,97887,71,111.82
2026/10/10 18:29:48.918,GPU-13316917-f6f2-4d83-5def-71d3279491c9,3541,97887,72,113.41
2026/10/10 18:29:49.442,GPU-13316917-f6f2-4d83-5def-71d3279491c9,3541,97887,72,118.94
2026/10/10 18:29:49.967,GPU-13316917-f6f2-4d83-5def-71d3279491c9,3541,97887,72,120.09
2026/10/10 18:29:50.494,GPU-13316917-f6f2-4d83-5def-71d3279491c9,3541,97887,71,117.69
2026/10/10 18:29:51.020,GPU-13316917-f6f2-4d83-5def-71d3279491c9,3541,97887,73,119.08
2026/10/10 18:29:51.547,GPU-13316917-f6f2-4d83-5def-71d3279491c9,3541,97887,73,115.76
2026/10/10 18:29:52.071,GPU-13316917-f6f2-4d83-5def-71d3279491c9,3541,97887,73,113.04
2026/10/10 18:29:52.597,GPU-13316917-f6f2-4d83-5def-71d3279491c9,3541,97887,72,115.80
2026/10/10 18:29:53.124,GPU-13316917-f6f2-4d83-5def-71d3279491c9,3541,97887,71,116.78
2026/10/10 18:29:53.651,GPU-13316917-f6f2-4d83-5def-71d3279491c9,3541,97887,71,112.93
2026/10/10 18:29:54.176,GPU-13316917-f6f2-4d83-5def-71d3279491c9,3541,97887,73,111.49
2026/10/10 18:29:54.701,GPU-13316917-f6f2-4d83-5def-71d3279491c9,3541,97887,73,115.84
2026/10/10 18:29:55.226,GPU-13316917-f6f2-4d83-5def-71d3279491c9,3541,97887,72,117.10
2026/10/10 18:29:55.753,GPU-13316917-f6f2-4d83-5def-71d3279491c9,3541,97887,73,112.01
2026/10/10 18:29:56.289,GPU-13316917-f6f2-4d83-5def-71d3279491c9,3541,97887,71,111.69
2026/10/10 18:29:56.815,GPU-13316917-f6f2-4d83-5def-71d3279491c9,3541,97887,73,116.77
2026/10/10 18:29:57.340,GPU-13316917-f6f2-4d83-5def-71d3279491c9,3541,97887,73,117.74
2026/10/10 18:29:57.867,GPU-13316917-f6f2-4d83-5def-71d3279491c9,3541,97887,73,114.94
2026/10/10 18:29:58.394,GPU-13316917-f6f2-4d83-5def-71d3279491c9,3541,97887,74,114.17
2026/10/10 18:29:58.919,GPU-13316917-f6f2-4d83-5def-71d3279491c9,3541,97887,70,113.77
2026/10/10 18:29:59.444,GPU-13316917-f6f2-4d83-5def-71d3279491c9,3541,97887,73,119.32
2026/10/10 18:29:59.970,GPU-13316917-f6f2-4d83-5def-71d3279491c9,3541,97887,73,123.61
2026/10/10 18:30:00.497,GPU-13316917-f6f2-4d83-5def-71d3279491c9,3541,97887,73,123.26
2026/10/10 18:30:01.022,GPU-13316917-f6f2-4d83-5def-71d3279491c9,3541,97887,73,117.51
2026/10/10 18:30:01.547,GPU-13316917-f6f2-4d83-5def-71d3279491c9,3541,97887,73,115.21
2026/10/10 18:30:02.072,GPU-13316917-f6f2-4d83-5def-71d3279491c9,3541,97887,73,117.10
2026/10/10 18:30:02.608,GPU-13316917-f6f2-4d83-5def-71d3279491c9,3541,97887,72,116.33
2026/10/10 18:30:03.134,GPU-13316917-f6f2-4d83-5def-71d3279491c9,3541,97887,72,114.36
2026/10/10 18:30:03.659,GPU-13316917-f6f2-4d83-5def-71d3279491c9,3541,97887,72,114.39
2026/10/10 18:30:04.185,GPU-13316917-f6f2-4d83-5def-71d3279491c9,3541,97887,72,114.98
2026/10/10 18:30:04.711,GPU-13316917-f6f2-4d83-5def-71d3279491c9,3541,97887,70,112.51
2026/10/10 18:30:05.237,GPU-13316917-f6f2-4d83-5def-71d3279491c9,3541,97887,73,118.22
2026/10/10 18:30:05.762,GPU-13316917-f6f2-4d83-5def-71d3279491c9,3541,97887,71,119.15
2026/10/10 18:30:06.287,GPU-13316917-f6f2-4d83-5def-71d3279491c9,3541,97887,71,115.96
2026/10/10 18:30:06.813,GPU-13316917-f6f2-4d83-5def-71d3279491c9,3541,97887,73,116.15
2026/10/10 18:30:07.340,GPU-13316917-f6f2-4d83-5def-71d3279491c9,3541,97887,69,112.89
2026/10/10 18:30:07.867,GPU-13316917-f6f2-4d83-5def-71d3279491c9,3541,97887,72,111.63
2026/10/10 18:30:08.392,GPU-13316917-f6f2-4d83-5def-71d3279491c9,3541,97887,71,112.49
2026/10/10 18:30:08.916,GPU-13316917-f6f2-4d83-5def-71d3279491c9,3541,97887,73,116.63
2026/10/10 18:30:09.442,GPU-13316917-f6f2-4d83-5def-71d3279491c9,3541,97887,72,117.53
2026/10/10 18:30:09.967,GPU-13316917-f6f2-4d83-5def-71d3279491c9,3541,97887,73,114.37
2026/10/10 18:30:10.493,GPU-13316917-f6f2-4d83-5def-71d3279491c9,3541,97887,72,112.42
2026/10/10 18:30:11.018,GPU-13316917-f6f2-4d83-5def-71d3279491c9,3541,97887,73,114.49
2026/10/10 18:30:11.544,GPU-13316917-f6f2-4d83-5def-71d3279491c9,3541,97887,73,117.00
2026/10/10 18:30:12.070,GPU-13316917-f6f2-4d83-5def-71d3279491c9,3541,97887,73,114.82
2026/10/10 18:30:12.595,GPU-13316917-f6f2-4d83-5def-71d3279491c9,3541,97887,70,113.20
2026/10/10 18:30:13.121,GPU-13316917-f6f2-4d83-5def-71d3279491c9,3541,97887,71,112.70
2026/10/10 18:30:13.646,GPU-13316917-f6f2-4d83-5def-71d3279491c9,3541,97887,73,114.54
2026/10/10 18:30:14.171,GPU-13316917-f6f2-4d83-5def-71d3279491c9,3541,97887,73,116.29
2026/10/10 18:30:14.698,GPU-13316917-f6f2-4d83-5def-71d3279491c9,3541,97887,77,126.49
2026/10/10 18:30:15.225,GPU-13316917-f6f2-4d83-5def-71d3279491c9,3541,97887,89,134.38
2026/10/10 18:30:15.751,GPU-13316917-f6f2-4d83-5def-71d3279491c9,3541,97887,90,129.19
2026/10/10 18:30:16.275,GPU-13316917-f6f2-4d83-5def-71d3279491c9,3541,97887,90,124.34
2026/10/10 18:30:16.800,GPU-13316917-f6f2-4d83-5def-71d3279491c9,3541,97887,91,125.40
2026/10/10 18:30:17.328,GPU-13316917-f6f2-4d83-5def-71d3279491c9,3541,97887,89,128.19
2026/10/10 18:30:17.868,GPU-13316917-f6f2-4d83-5def-71d3279491c9,3541,97887,90,128.12
2026/10/10 18:30:18.396,GPU-13316917-f6f2-4d83-5def-71d3279491c9,3541,97887,90,129.56
2026/10/10 18:30:18.923,GPU-13316917-f6f2-4d83-5def-71d3279491c9,3541,97887,90,129.31
2026/10/10 18:30:19.448,GPU-13316917-f6f2-4d83-5def-71d3279491c9,3541,97887,92,127.87
2026/10/10 18:30:19.974,GPU-13316917-f6f2-4d83-5def-71d3279491c9,3541,97887,91,130.20
2026/10/10 18:30:20.499,GPU-13316917-f6f2-4d83-5def-71d3279491c9,3541,97887,91,130.61
2026/10/10 18:30:21.024,GPU-13316917-f6f2-4d83-5def-71d3279491c9,3541,97887,92,132.05
2026/10/10 18:30:21.549,GPU-13316917-f6f2-4d83-5def-71d3279491c9,3541,97887,73,129.57
2026/10/10 18:30:22.076,GPU-13316917-f6f2-4d83-5def-71d3279491c9,3541,97887,73,118.26
2026/10/10 18:30:22.601,GPU-13316917-f6f2-4d83-5def-71d3279491c9,3541,97887,71,112.23
2026/10/10 18:30:23.129,GPU-13316917-f6f2-4d83-5def-71d3279491c9,3541,97887,73,112.27
2026/10/10 18:30:23.660,GPU-13316917-f6f2-4d83-5def-71d3279491c9,3541,97887,73,113.23
2026/10/10 18:30:24.185,GPU-13316917-f6f2-4d83-5def-71d3279491c9,3541,97887,73,113.95
2026/10/10 18:30:24.711,GPU-13316917-f6f2-4d83-5def-71d3279491c9,3541,97887,72,112.62
2026/10/10 18:30:25.237,GPU-13316917-f6f2-4d83-5def-71d3279491c9,3541,97887,71,114.35
2026/10/10 18:30:25.763,GPU-13316917-f6f2-4d83-5def-71d3279491c9,3541,97887,69,118.43
2026/10/10 18:30:26.289,GPU-13316917-f6f2-4d83-5def-71d3279491c9,3541,97887,72,120.42
2026/10/10 18:30:26.817,GPU-13316917-f6f2-4d83-5def-71d3279491c9,3541,97887,71,118.04
2026/10/10 18:30:27.344,GPU-13316917-f6f2-4d83-5def-71d3279491c9,3541,97887,70,118.72
2026/10/10 18:30:27.871,GPU-13316917-f6f2-4d83-5def-71d3279491c9,3541,97887,70,122.85
2026/10/10 18:30:28.400,GPU-13316917-f6f2-4d83-5def-71d3279491c9,3541,97887,71,116.80
2026/10/10 18:30:28.927,GPU-13316917-f6f2-4d83-5def-71d3279491c9,3541,97887,69,115.47
2026/10/10 18:30:29.454,GPU-13316917-f6f2-4d83-5def-71d3279491c9,3541,97887,70,116.63
2026/10/10 18:30:29.980,GPU-13316917-f6f2-4d83-5def-71d3279491c9,3541,97887,70,119.96
2026/10/10 18:30:30.506,GPU-13316917-f6f2-4d83-5def-71d3279491c9,3541,97887,71,117.35
2026/10/10 18:30:31.033,GPU-13316917-f6f2-4d83-5def-71d3279491c9,3541,97887,71,116.88
2026/10/10 18:30:31.558,GPU-13316917-f6f2-4d83-5def-71d3279491c9,3541,97887,73,119.56
2026/10/10 18:30:32.087,GPU-13316917-f6f2-4d83-5def-71d3279491c9,3541,97887,71,117.53
2026/10/10 18:30:32.612,GPU-13316917-f6f2-4d83-5def-71d3279491c9,3541,97887,71,113.45
2026/10/10 18:30:33.137,GPU-13316917-f6f2-4d83-5def-71d3279491c9,3541,97887,73,112.13
2026/10/10 18:30:33.663,GPU-13316917-f6f2-4d83-5def-71d3279491c9,3541,97887,70,113.29
2026/10/10 18:30:34.189,GPU-13316917-f6f2-4d83-5def-71d3279491c9,3541,97887,73,117.72
2026/10/10 18:30:34.716,GPU-13316917-f6f2-4d83-5def-71d3279491c9,3541,97887,72,120.76
2026/10/10 18:30:35.243,GPU-13316917-f6f2-4d83-5def-71d3279491c9,3541,97887,70,117.26
2026/10/10 18:30:35.769,GPU-13316917-f6f2-4d83-5def-71d3279491c9,3541,97887,70,113.93
2026/10/10 18:30:36.297,GPU-13316917-f6f2-4d83-5def-71d3279491c9,3541,97887,67,117.25
2026/10/10 18:30:36.823,GPU-13316917-f6f2-4d83-5def-71d3279491c9,3541,97887,72,119.42
2026/10/10 18:30:37.349,GPU-13316917-f6f2-4d83-5def-71d3279491c9,3541,97887,73,121.45
2026/10/10 18:30:37.877,GPU-13316917-f6f2-4d83-5def-71d3279491c9,3541,97887,70,123.49
2026/10/10 18:30:38.404,GPU-13316917-f6f2-4d83-5def-71d3279491c9,3541,97887,71,119.97
2026/10/10 18:30:38.930,GPU-13316917-f6f2-4d83-5def-71d3279491c9,3541,97887,72,112.34
2026/10/10 18:30:39.456,GPU-13316917-f6f2-4d83-5def-71d3279491c9,3541,97887,70,112.38
2026/10/10 18:30:39.982,GPU-13316917-f6f2-4d83-5def-71d3279491c9,3541,97887,73,117.59
2026/10/10 18:30:40.510,GPU-13316917-f6f2-4d83-5def-71d3279491c9,3541,97887,73,118.28
2026/10/10 18:30:41.037,GPU-13316917-f6f2-4d83-5def-71d3279491c9,3541,97887,70,120.81
2026/10/10 18:30:41.563,GPU-13316917-f6f2-4d83-5def-71d3279491c9,3541,97887,72,118.10
2026/10/10 18:30:42.091,GPU-13316917-f6f2-4d83-5def-71d3279491c9,3541,97887,73,116.63
2026/10/10 18:30:42.618,GPU-13316917-f6f2-4d83-5def-71d3279491c9,3541,97887,70,121.25
2026/10/10 18:30:43.144,GPU-13316917-f6f2-4d83-5def-71d3279491c9,3541,97887,72,118.01
2026/10/10 18:30:43.670,GPU-13316917-f6f2-4d83-5def-71d3279491c9,3541,97887,71,115.36
2026/10/10 18:30:44.197,GPU-13316917-f6f2-4d83-5def-71d3279491c9,3541,97887,71,119.18
2026/10/10 18:30:44.724,GPU-13316917-f6f2-4d83-5def-71d3279491c9,3541,97887,71,122.93
2026/10/10 18:30:45.252,GPU-13316917-f6f2-4d83-5def-71d3279491c9,3541,97887,69,118.66
2026/10/10 18:30:45.778,GPU-13316917-f6f2-4d83-5def-71d3279491c9,3541,97887,72,117.67
2026/10/10 18:30:46.306,GPU-13316917-f6f2-4d83-5def-71d3279491c9,3541,97887,72,115.73
2026/10/10 18:30:46.831,GPU-13316917-f6f2-4d83-5def-71d3279491c9,3541,97887,74,112.71
2026/10/10 18:30:47.357,GPU-13316917-f6f2-4d83-5def-71d3279491c9,3541,97887,70,112.99
2026/10/10 18:30:47.882,GPU-13316917-f6f2-4d83-5def-71d3279491c9,3541,97887,72,116.46
2026/10/10 18:30:48.409,GPU-13316917-f6f2-4d83-5def-71d3279491c9,3541,97887,71,119.66
2026/10/10 18:30:48.935,GPU-13316917-f6f2-4d83-5def-71d3279491c9,3541,97887,71,117.33
2026/10/10 18:30:49.467,GPU-13316917-f6f2-4d83-5def-71d3279491c9,3541,97887,72,115.35
2026/10/10 18:30:49.994,GPU-13316917-f6f2-4d83-5def-71d3279491c9,3541,97887,68,112.46
2026/10/10 18:30:50.519,GPU-13316917-f6f2-4d83-5def-71d3279491c9,3541,97887,73,112.15
2026/10/10 18:30:51.045,GPU-13316917-f6f2-4d83-5def-71d3279491c9,3541,97887,73,113.28
2026/10/10 18:30:51.572,GPU-13316917-f6f2-4d83-5def-71d3279491c9,3541,97887,70,112.20
2026/10/10 18:30:52.099,GPU-13316917-f6f2-4d83-5def-71d3279491c9,3541,97887,72,113.89
2026/10/10 18:30:52.626,GPU-13316917-f6f2-4d83-5def-71d3279491c9,3541,97887,72,114.34
2026/10/10 18:30:53.151,GPU-13316917-f6f2-4d83-5def-71d3279491c9,3541,97887,72,115.15
2026/10/10 18:30:53.676,GPU-13316917-f6f2-4d83-5def-71d3279491c9,3541,97887,70,118.78
2026/10/10 18:30:54.203,GPU-13316917-f6f2-4d83-5def-71d3279491c9,3541,97887,70,120.43
2026/10/10 18:30:54.729,GPU-13316917-f6f2-4d83-5def-71d3279491c9,3541,97887,72,116.29
2026/10/10 18:30:55.255,GPU-13316917-f6f2-4d83-5def-71d3279491c9,3541,97887,72,110.88
2026/10/10 18:30:55.782,GPU-13316917-f6f2-4d83-5def-71d3279491c9,3541,97887,74,110.69
2026/10/10 18:30:56.308,GPU-13316917-f6f2-4d83-5def-71d3279491c9,3541,97887,70,111.33
2026/10/10 18:30:56.834,GPU-13316917-f6f2-4d83-5def-71d3279491c9,3541,97887,72,113.18
2026/10/10 18:30:57.361,GPU-13316917-f6f2-4d83-5def-71d3279491c9,3541,97887,65,114.55
2026/10/10 18:30:57.888,GPU-13316917-f6f2-4d83-5def-71d3279491c9,3541,97887,75,131.70
2026/10/10 18:30:58.416,GPU-13316917-f6f2-4d83-5def-71d3279491c9,3541,97887,88,129.61
2026/10/10 18:30:58.944,GPU-13316917-f6f2-4d83-5def-71d3279491c9,3541,97887,89,124.61
2026/10/10 18:30:59.470,GPU-13316917-f6f2-4d83-5def-71d3279491c9,3541,97887,90,126.87
2026/10/10 18:30:59.999,GPU-13316917-f6f2-4d83-5def-71d3279491c9,3541,97887,89,126.81
2026/10/10 18:31:00.524,GPU-13316917-f6f2-4d83-5def-71d3279491c9,3541,97887,90,127.79
2026/10/10 18:31:01.051,GPU-13316917-f6f2-4d83-5def-71d3279491c9,3541,97887,91,128.43
2026/10/10 18:31:01.577,GPU-13316917-f6f2-4d83-5def-71d3279491c9,3541,97887,90,127.83
2026/10/10 18:31:02.104,GPU-13316917-f6f2-4d83-5def-71d3279491c9,3541,97887,91,128.62
2026/10/10 18:31:02.632,GPU-13316917-f6f2-4d83-5def-71d3279491c9,3541,97887,91,129.02
2026/10/10 18:31:03.159,GPU-13316917-f6f2-4d83-5def-71d3279491c9,3541,97887,90,129.50
2026/10/10 18:31:03.685,GPU-13316917-f6f2-4d83-5def-71d3279491c9,3541,97887,91,130.20
2026/10/10 18:31:04.211,GPU-13316917-f6f2-4d83-5def-71d3279491c9,3541,97887,90,128.99
2026/10/10 18:31:04.739,GPU-13316917-f6f2-4d83-5def-71d3279491c9,3541,97887,72,124.16
2026/10/10 18:31:05.265,GPU-13316917-f6f2-4d83-5def-71d3279491c9,3541,97887,71,116.22
2026/10/10 18:31:05.791,GPU-13316917-f6f2-4d83-5def-71d3279491c9,3541,97887,73,111.80
2026/10/10 18:31:06.316,GPU-13316917-f6f2-4d83-5def-71d3279491c9,3541,97887,72,113.34
2026/10/10 18:31:06.844,GPU-13316917-f6f2-4d83-5def-71d3279491c9,3541,97887,71,114.50
2026/10/10 18:31:07.370,GPU-13316917-f6f2-4d83-5def-71d3279491c9,3541,97887,71,116.31
2026/10/10 18:31:07.896,GPU-13316917-f6f2-4d83-5def-71d3279491c9,3541,97887,70,119.61
2026/10/10 18:31:08.424,GPU-13316917-f6f2-4d83-5def-71d3279491c9,3541,97887,71,121.94
2026/10/10 18:31:08.949,GPU-13316917-f6f2-4d83-5def-71d3279491c9,3541,97887,71,124.50
2026/10/10 18:31:09.476,GPU-13316917-f6f2-4d83-5def-71d3279491c9,3541,97887,72,122.81
2026/10/10 18:31:10.002,GPU-13316917-f6f2-4d83-5def-71d3279491c9,3541,97887,71,119.45
2026/10/10 18:31:10.527,GPU-13316917-f6f2-4d83-5def-71d3279491c9,3541,97887,72,118.46
2026/10/10 18:31:11.053,GPU-13316917-f6f2-4d83-5def-71d3279491c9,3541,97887,71,119.24
2026/10/10 18:31:11.579,GPU-13316917-f6f2-4d83-5def-71d3279491c9,3541,97887,72,120.04
2026/10/10 18:31:12.105,GPU-13316917-f6f2-4d83-5def-71d3279491c9,3541,97887,72,120.79
2026/10/10 18:31:12.631,GPU-13316917-f6f2-4d83-5def-71d3279491c9,3541,97887,73,118.97
2026/10/10 18:31:13.158,GPU-13316917-f6f2-4d83-5def-71d3279491c9,3541,97887,71,117.12
2026/10/10 18:31:13.683,GPU-13316917-f6f2-4d83-5def-71d3279491c9,3541,97887,73,116.51
2026/10/10 18:31:14.209,GPU-13316917-f6f2-4d83-5def-71d3279491c9,3541,97887,73,114.38
2026/10/10 18:31:14.735,GPU-13316917-f6f2-4d83-5def-71d3279491c9,3541,97887,72,118.57
2026/10/10 18:31:15.261,GPU-13316917-f6f2-4d83-5def-71d3279491c9,3541,97887,71,121.78
2026/10/10 18:31:15.787,GPU-13316917-f6f2-4d83-5def-71d3279491c9,3541,97887,72,116.84
2026/10/10 18:31:16.312,GPU-13316917-f6f2-4d83-5def-71d3279491c9,3541,97887,71,113.77
2026/10/10 18:31:16.838,GPU-13316917-f6f2-4d83-5def-71d3279491c9,3541,97887,73,113.96
2026/10/10 18:31:17.367,GPU-13316917-f6f2-4d83-5def-71d3279491c9,3541,97887,74,111.82
2026/10/10 18:31:17.893,GPU-13316917-f6f2-4d83-5def-71d3279491c9,3541,97887,75,111.36
2026/10/10 18:31:18.420,GPU-13316917-f6f2-4d83-5def-71d3279491c9,3541,97887,71,112.91
2026/10/10 18:31:18.946,GPU-13316917-f6f2-4d83-5def-71d3279491c9,3541,97887,72,113.47
2026/10/10 18:31:19.472,GPU-13316917-f6f2-4d83-5def-71d3279491c9,3541,97887,68,114.41
2026/10/10 18:31:19.999,GPU-13316917-f6f2-4d83-5def-71d3279491c9,3541,97887,69,113.62
2026/10/10 18:31:20.527,GPU-13316917-f6f2-4d83-5def-71d3279491c9,3541,97887,73,113.72
2026/10/10 18:31:21.053,GPU-13316917-f6f2-4d83-5def-71d3279491c9,3541,97887,72,113.67
2026/10/10 18:31:21.580,GPU-13316917-f6f2-4d83-5def-71d3279491c9,3541,97887,74,113.27
2026/10/10 18:31:22.108,GPU-13316917-f6f2-4d83-5def-71d3279491c9,3541,97887,73,112.93
2026/10/10 18:31:22.636,GPU-13316917-f6f2-4d83-5def-71d3279491c9,3541,97887,74,111.67
2026/10/10 18:31:23.162,GPU-13316917-f6f2-4d83-5def-71d3279491c9,3541,97887,72,117.63
2026/10/10 18:31:23.689,GPU-13316917-f6f2-4d83-5def-71d3279491c9,3541,97887,72,120.21
2026/10/10 18:31:24.216,GPU-13316917-f6f2-4d83-5def-71d3279491c9,3541,97887,71,119.50
2026/10/10 18:31:24.743,GPU-13316917-f6f2-4d83-5def-71d3279491c9,3541,97887,71,120.46
2026/10/10 18:31:25.273,GPU-13316917-f6f2-4d83-5def-71d3279491c9,3541,97887,69,119.05
2026/10/10 18:31:25.802,GPU-13316917-f6f2-4d83-5def-71d3279491c9,3541,97887,72,118.04
2026/10/10 18:31:26.330,GPU-13316917-f6f2-4d83-5def-71d3279491c9,3541,97887,75,111.03
2026/10/10 18:31:26.857,GPU-13316917-f6f2-4d83-5def-71d3279491c9,3541,97887,74,112.91
2026/10/10 18:31:27.383,GPU-13316917-f6f2-4d83-5def-71d3279491c9,3541,97887,71,119.03
2026/10/10 18:31:27.909,GPU-13316917-f6f2-4d83-5def-71d3279491c9,3541,97887,72,117.79
2026/10/10 18:31:28.436,GPU-13316917-f6f2-4d83-5def-71d3279491c9,3541,97887,71,114.17
2026/10/10 18:31:28.962,GPU-13316917-f6f2-4d83-5def-71d3279491c9,3541,97887,73,114.11
2026/10/10 18:31:29.488,GPU-13316917-f6f2-4d83-5def-71d3279491c9,3541,97887,73,113.90
2026/10/10 18:31:30.016,GPU-13316917-f6f2-4d83-5def-71d3279491c9,3541,97887,70,112.58
2026/10/10 18:31:30.542,GPU-13316917-f6f2-4d83-5def-71d3279491c9,3541,97887,72,118.00
2026/10/10 18:31:31.069,GPU-13316917-f6f2-4d83-5def-71d3279491c9,3541,97887,72,120.13
2026/10/10 18:31:31.598,GPU-13316917-f6f2-4d83-5def-71d3279491c9,3541,97887,71,119.14
2026/10/10 18:31:32.124,GPU-13316917-f6f2-4d83-5def-71d3279491c9,3541,97887,72,123.23
2026/10/10 18:31:32.670,GPU-13316917-f6f2-4d83-5def-71d3279491c9,3541,97887,72,120.42
2026/10/10 18:31:33.196,GPU-13316917-f6f2-4d83-5def-71d3279491c9,3541,97887,73,114.22
2026/10/10 18:31:33.722,GPU-13316917-f6f2-4d83-5def-71d3279491c9,3541,97887,72,112.72
2026/10/10 18:31:34.248,GPU-13316917-f6f2-4d83-5def-71d3279491c9,3541,97887,72,113.44
2026/10/10 18:31:34.773,GPU-13316917-f6f2-4d83-5def-71d3279491c9,3541,97887,73,112.76
2026/10/10 18:31:35.298,GPU-13316917-f6f2-4d83-5def-71d3279491c9,3541,97887,72,118.01
2026/10/10 18:31:35.824,GPU-13316917-f6f2-4d83-5def-71d3279491c9,3541,97887,73,121.91
2026/10/10 18:31:36.351,GPU-13316917-f6f2-4d83-5def-71d3279491c9,3541,97887,72,120.75
2026/10/10 18:31:36.878,GPU-13316917-f6f2-4d83-5def-71d3279491c9,3541,97887,72,121.67
2026/10/10 18:31:37.407,GPU-13316917-f6f2-4d83-5def-71d3279491c9,3541,97887,74,115.04
2026/10/10 18:31:37.933,GPU-13316917-f6f2-4d83-5def-71d3279491c9,3541,97887,72,112.23
2026/10/10 18:31:38.460,GPU-13316917-f6f2-4d83-5def-71d3279491c9,3541,97887,73,111.58
2026/10/10 18:31:38.987,GPU-13316917-f6f2-4d83-5def-71d3279491c9,3541,97887,72,113.63
2026/10/10 18:31:39.513,GPU-13316917-f6f2-4d83-5def-71d3279491c9,3541,97887,72,116.67
2026/10/10 18:31:40.041,GPU-13316917-f6f2-4d83-5def-71d3279491c9,3541,97887,71,115.07
2026/10/10 18:31:40.567,GPU-13316917-f6f2-4d83-5def-71d3279491c9,3541,97887,0,102.97
2026/10/10 18:31:41.092,GPU-13316917-f6f2-4d83-5def-71d3279491c9,3541,97887,0,84.35
2026/10/10 18:31:41.620,GPU-13316917-f6f2-4d83-5def-71d3279491c9,1555,97887,0,76.63
2026/10/10 18:31:42.147,GPU-13316917-f6f2-4d83-5def-71d3279491c9,1537,97887,0,77.25
