timestamp, uuid, memory.used [MiB], power.draw [W], clocks.current.sm [MHz], utilization.gpu [%]
2026/10/10 16:37:03.564, GPU-f30bd82d-756d-28ed-24af-a6dec8bbf9bc, 22 MiB, 60.33 W, 1492 MHz, 0 %
2026/10/10 16:37:04.087, GPU-f30bd82d-756d-28ed-24af-a6dec8bbf9bc, 863 MiB, 67.53 W, 2332 MHz, 2 %
2026/10/10 16:37:04.590, GPU-f30bd82d-756d-28ed-24af-a6dec8bbf9bc, 865 MiB, 70.09 W, 2332 MHz, 0 %
2026/10/10 16:37:05.093, GPU-f30bd82d-756d-28ed-24af-a6dec8bbf9bc, 897 MiB, 77.04 W, 2332 MHz, 0 %
2026/10/10 16:37:05.593, GPU-f30bd82d-756d-28ed-24af-a6dec8bbf9bc, 1013 MiB, 77.11 W, 2332 MHz, 1 %
2026/10/10 16:37:06.093, GPU-f30bd82d-756d-28ed-24af-a6dec8bbf9bc, 1045 MiB, 77.09 W, 2332 MHz, 0 %
2026/10/10 16:37:06.593, GPU-f30bd82d-756d-28ed-24af-a6dec8bbf9bc, 1045 MiB, 77.11 W, 2332 MHz, 0 %
2026/10/10 16:37:07.094, GPU-f30bd82d-756d-28ed-24af-a6dec8bbf9bc, 1045 MiB, 77.19 W, 2332 MHz, 0 %
2026/10/10 16:37:07.594, GPU-f30bd82d-756d-28ed-24af-a6dec8bbf9bc, 2027 MiB, 77.18 W, 2332 MHz, 0 %
2026/10/10 16:37:08.094, GPU-f30bd82d-756d-28ed-24af-a6dec8bbf9bc, 2873 MiB, 77.09 W, 2332 MHz, 3 %
2026/10/10 16:37:08.594, GPU-f30bd82d-756d-28ed-24af-a6dec8bbf9bc, 2873 MiB, 77.55 W, 2332 MHz, 0 %
2026/10/10 16:37:09.094, GPU-f30bd82d-756d-28ed-24af-a6dec8bbf9bc, 2873 MiB, 78.50 W, 2332 MHz, 0 %
2026/10/10 16:37:09.594, GPU-f30bd82d-756d-28ed-24af-a6dec8bbf9bc, 2873 MiB, 84.16 W, 2332 MHz, 100 %
2026/10/10 16:37:10.095, GPU-f30bd82d-756d-28ed-24af-a6dec8bbf9bc, 2873 MiB, 89.27 W, 2332 MHz, 100 %
2026/10/10 16:37:10.595, GPU-f30bd82d-756d-28ed-24af-a6dec8bbf9bc, 2873 MiB, 89.20 W, 2332 MHz, 100 %
2026/10/10 16:37:11.095, GPU-f30bd82d-756d-28ed-24af-a6dec8bbf9bc, 2873 MiB, 89.23 W, 2332 MHz, 100 %
2026/10/10 16:37:11.595, GPU-f30bd82d-756d-28ed-24af-a6dec8bbf9bc, 2873 MiB, 89.20 W, 2332 MHz, 100 %
2026/10/10 16:37:12.095, GPU-f30bd82d-756d-28ed-24af-a6dec8bbf9bc, 2873 MiB, 89.21 W, 2332 MHz, 100 %
2026/10/10 16:37:12.595, GPU-f30bd82d-756d-28ed-24af-a6dec8bbf9bc, 2873 MiB, 89.21 W, 2332 MHz, 100 %
2026/10/10 16:37:13.096, GPU-f30bd82d-756d-28ed-24af-a6dec8bbf9bc, 2873 MiB, 89.16 W, 2332 MHz, 100 %
2026/10/10 16:37:13.596, GPU-f30bd82d-756d-28ed-24af-a6dec8bbf9bc, 2873 MiB, 89.18 W, 2332 MHz, 100 %
2026/10/10 16:37:14.096, GPU-f30bd82d-756d-28ed-24af-a6dec8bbf9bc, 2873 MiB, 89.18 W, 2332 MHz, 100 %
2026/10/10 16:37:14.596, GPU-f30bd82d-756d-28ed-24af-a6dec8bbf9bc, 2873 MiB, 89.18 W, 2332 MHz, 100 %
2026/10/10 16:37:15.096, GPU-f30bd82d-756d-28ed-24af-a6dec8bbf9bc, 2873 MiB, 89.18 W, 2332 MHz, 100 %
2026/10/10 16:37:15.596, GPU-f30bd82d-756d-28ed-24af-a6dec8bbf9bc, 2873 MiB, 89.22 W, 2332 MHz, 100 %
2026/10/10 16:37:16.096, GPU-f30bd82d-756d-28ed-24af-a6dec8bbf9bc, 2873 MiB, 89.26 W, 2332 MHz, 100 %
2026/10/10 16:37:16.597, GPU-f30bd82d-756d-28ed-24af-a6dec8bbf9bc, 2873 MiB, 89.21 W, 2332 MHz, 100 %
2026/10/10 16:37:17.097, GPU-f30bd82d-756d-28ed-24af-a6dec8bbf9bc, 2873 MiB, 89.24 W, 2332 MHz, 100 %
2026/10/10 16:37:17.597, GPU-f30bd82d-756d-28ed-24af-a6dec8bbf9bc, 2873 MiB, 89.27 W, 2332 MHz, 100 %
2026/10/10 16:37:18.097, GPU-f30bd82d-756d-28ed-24af-a6dec8bbf9bc, 2873 MiB, 89.23 W, 2332 MHz, 100 %
2026/10/10 16:37:18.597, GPU-f30bd82d-756d-28ed-24af-a6dec8bbf9bc, 2873 MiB, 89.14 W, 2332 MHz, 100 %
2026/10/10 16:37:19.098, GPU-f30bd82d-756d-28ed-24af-a6dec8bbf9bc, 2873 MiB, 89.14 W, 2332 MHz, 100 %
2026/10/10 16:37:19.598, GPU-f30bd82d-756d-28ed-24af-a6dec8bbf9bc, 2873 MiB, 89.16 W, 2332 MHz, 100 %
2026/10/10 16:37:20.098, GPU-f30bd82d-756d-28ed-24af-a6dec8bbf9bc, 2873 MiB, 89.18 W, 2332 MHz, 100 %
2026/10/10 16:37:20.599, GPU-f30bd82d-756d-28ed-24af-a6dec8bbf9bc, 2873 MiB, 89.20 W, 2332 MHz, 100 %
2026/10/10 16:37:21.099, GPU-f30bd82d-756d-28ed-24af-a6dec8bbf9bc, 2873 MiB, 89.20 W, 2332 MHz, 100 %
2026/10/10 16:37:21.599, GPU-f30bd82d-756d-28ed-24af-a6dec8bbf9bc, 2873 MiB, 89.18 W, 2332 MHz, 100 %
2026/10/10 16:37:22.099, GPU-f30bd82d-756d-28ed-24af-a6dec8bbf9bc, 3097 MiB, 89.15 W, 2332 MHz, 100 %
2026/10/10 16:37:22.599, GPU-f30bd82d-756d-28ed-24af-a6dec8bbf9bc, 3161 MiB, 85.00 W, 2332 MHz, 0 %
2026/10/10 16:37:23.099, GPU-f30bd82d-756d-28ed-24af-a6dec8bbf9bc, 3133 MiB, 78.35 W, 2332 MHz, 0 %
2026/10/10 16:37:23.599, GPU-f30bd82d-756d-28ed-24af-a6dec8bbf9bc, 3133 MiB, 76.62 W, 2332 MHz, 0 %
2026/10/10 16:37:24.100, GPU-f30bd82d-756d-28ed-24af-a6dec8bbf9bc, 3453 MiB, 76.65 W, 2332 MHz, 0 %
2026/10/10 16:37:24.602, GPU-f30bd82d-756d-28ed-24af-a6dec8bbf9bc, 3457 MiB, 76.68 W, 2332 MHz, 0 %
2026/10/10 16:37:25.102, GPU-f30bd82d-756d-28ed-24af-a6dec8bbf9bc, 3457 MiB, 76.60 W, 2332 MHz, 0 %
2026/10/10 16:37:25.602, GPU-f30bd82d-756d-28ed-24af-a6dec8bbf9bc, 3457 MiB, 76.46 W, 2332 MHz, 0 %
2026/10/10 16:37:26.102, GPU-f30bd82d-756d-28ed-24af-a6dec8bbf9bc, 3457 MiB, 76.56 W, 2332 MHz, 2 %
2026/10/10 16:37:26.602, GPU-f30bd82d-756d-28ed-24af-a6dec8bbf9bc, 3523 MiB, 76.57 W, 2332 MHz, 3 %
2026/10/10 16:37:27.103, GPU-f30bd82d-756d-28ed-24af-a6dec8bbf9bc, 3523 MiB, 92.12 W, 2332 MHz, 46 %
2026/10/10 16:37:27.603, GPU-f30bd82d-756d-28ed-24af-a6dec8bbf9bc, 3523 MiB, 131.26 W, 2332 MHz, 78 %
2026/10/10 16:37:28.103, GPU-f30bd82d-756d-28ed-24af-a6dec8bbf9bc, 3523 MiB, 151.23 W, 2332 MHz, 80 %
2026/10/10 16:37:28.603, GPU-f30bd82d-756d-28ed-24af-a6dec8bbf9bc, 3523 MiB, 138.82 W, 2332 MHz, 80 %
2026/10/10 16:37:29.103, GPU-f30bd82d-756d-28ed-24af-a6dec8bbf9bc, 3523 MiB, 128.19 W, 2332 MHz, 91 %
2026/10/10 16:37:29.603, GPU-f30bd82d-756d-28ed-24af-a6dec8bbf9bc, 3523 MiB, 128.38 W, 2332 MHz, 85 %
2026/10/10 16:37:30.104, GPU-f30bd82d-756d-28ed-24af-a6dec8bbf9bc, 3523 MiB, 128.54 W, 2332 MHz, 92 %
2026/10/10 16:37:30.604, GPU-f30bd82d-756d-28ed-24af-a6dec8bbf9bc, 3523 MiB, 127.92 W, 2332 MHz, 85 %
2026/10/10 16:37:31.104, GPU-f30bd82d-756d-28ed-24af-a6dec8bbf9bc, 3523 MiB, 128.73 W, 2332 MHz, 93 %
2026/10/10 16:37:31.605, GPU-f30bd82d-756d-28ed-24af-a6dec8bbf9bc, 3523 MiB, 128.15 W, 2332 MHz, 84 %
2026/10/10 16:37:32.105, GPU-f30bd82d-756d-28ed-24af-a6dec8bbf9bc, 3523 MiB, 128.65 W, 2332 MHz, 87 %
2026/10/10 16:37:32.605, GPU-f30bd82d-756d-28ed-24af-a6dec8bbf9bc, 3523 MiB, 133.13 W, 2332 MHz, 86 %
2026/10/10 16:37:33.105, GPU-f30bd82d-756d-28ed-24af-a6dec8bbf9bc, 3523 MiB, 133.29 W, 2332 MHz, 81 %
2026/10/10 16:37:33.605, GPU-f30bd82d-756d-28ed-24af-a6dec8bbf9bc, 3523 MiB, 129.16 W, 2332 MHz, 93 %
2026/10/10 16:37:34.105, GPU-f30bd82d-756d-28ed-24af-a6dec8bbf9bc, 3523 MiB, 132.96 W, 2332 MHz, 92 %
2026/10/10 16:37:34.610, GPU-f30bd82d-756d-28ed-24af-a6dec8bbf9bc, 3523 MiB, 133.47 W, 2332 MHz, 85 %
2026/10/10 16:37:35.113, GPU-f30bd82d-756d-28ed-24af-a6dec8bbf9bc, 3523 MiB, 129.13 W, 2332 MHz, 93 %
2026/10/10 16:37:35.613, GPU-f30bd82d-756d-28ed-24af-a6dec8bbf9bc, 3523 MiB, 130.90 W, 2332 MHz, 93 %
2026/10/10 16:37:36.113, GPU-f30bd82d-756d-28ed-24af-a6dec8bbf9bc, 3523 MiB, 130.04 W, 2332 MHz, 86 %
2026/10/10 16:37:36.613, GPU-f30bd82d-756d-28ed-24af-a6dec8bbf9bc, 3523 MiB, 127.37 W, 2332 MHz, 10 %
2026/10/10 16:37:37.114, GPU-f30bd82d-756d-28ed-24af-a6dec8bbf9bc, 3523 MiB, 123.86 W, 2332 MHz, 76 %
2026/10/10 16:37:37.614, GPU-f30bd82d-756d-28ed-24af-a6dec8bbf9bc, 3523 MiB, 119.39 W, 2332 MHz, 61 %
2026/10/10 16:37:38.114, GPU-f30bd82d-756d-28ed-24af-a6dec8bbf9bc, 3523 MiB, 115.37 W, 2332 MHz, 74 %
2026/10/10 16:37:38.614, GPU-f30bd82d-756d-28ed-24af-a6dec8bbf9bc, 3523 MiB, 113.33 W, 2332 MHz, 70 %
2026/10/10 16:37:39.114, GPU-f30bd82d-756d-28ed-24af-a6dec8bbf9bc, 3523 MiB, 119.38 W, 2332 MHz, 75 %
2026/10/10 16:37:39.614, GPU-f30bd82d-756d-28ed-24af-a6dec8bbf9bc, 3523 MiB, 121.16 W, 2332 MHz, 67 %
2026/10/10 16:37:40.115, GPU-f30bd82d-756d-28ed-24af-a6dec8bbf9bc, 3523 MiB, 116.21 W, 2332 MHz, 76 %
2026/10/10 16:37:40.615, GPU-f30bd82d-756d-28ed-24af-a6dec8bbf9bc, 3523 MiB, 115.02 W, 2332 MHz, 70 %
2026/10/10 16:37:41.115, GPU-f30bd82d-756d-28ed-24af-a6dec8bbf9bc, 3523 MiB, 116.83 W, 2332 MHz, 78 %
2026/10/10 16:37:41.615, GPU-f30bd82d-756d-28ed-24af-a6dec8bbf9bc, 3523 MiB, 120.87 W, 2332 MHz, 70 %
2026/10/10 16:37:42.115, GPU-f30bd82d-756d-28ed-24af-a6dec8bbf9bc, 3523 MiB, 121.26 W, 2332 MHz, 74 %
2026/10/10 16:37:42.615, GPU-f30bd82d-756d-28ed-24af-a6dec8bbf9bc, 3523 MiB, 120.41 W, 2332 MHz, 74 %
2026/10/10 16:37:43.115, GPU-f30bd82d-756d-28ed-24af-a6dec8bbf9bc, 3523 MiB, 117.41 W, 2332 MHz, 70 %
2026/10/10 16:37:43.615, GPU-f30bd82d-756d-28ed-24af-a6dec8bbf9bc, 3523 MiB, 119.29 W, 2332 MHz, 77 %
2026/10/10 16:37:44.116, GPU-f30bd82d-756d-28ed-24af-a6dec8bbf9bc, 3523 MiB, 127.75 W, 2332 MHz, 79 %
2026/10/10 16:37:44.616, GPU-f30bd82d-756d-28ed-24af-a6dec8bbf9bc, 3523 MiB, 147.87 W, 2332 MHz, 86 %
2026/10/10 16:37:45.116, GPU-f30bd82d-756d-28ed-24af-a6dec8bbf9bc, 3523 MiB, 149.44 W, 2332 MHz, 91 %
2026/10/10 16:37:45.616, GPU-f30bd82d-756d-28ed-24af-a6dec8bbf9bc, 3523 MiB, 135.69 W, 2332 MHz, 91 %
2026/10/10 16:37:46.116, GPU-f30bd82d-756d-28ed-24af-a6dec8bbf9bc, 3523 MiB, 131.11 W, 2332 MHz, 93 %
2026/10/10 16:37:46.616, GPU-f30bd82d-756d-28ed-24af-a6dec8bbf9bc, 3523 MiB, 132.40 W, 2332 MHz, 91 %
2026/10/10 16:37:47.116, GPU-f30bd82d-756d-28ed-24af-a6dec8bbf9bc, 3523 MiB, 133.77 W, 2332 MHz, 92 %
2026/10/10 16:37:47.616, GPU-f30bd82d-756d-28ed-24af-a6dec8bbf9bc, 3523 MiB, 133.20 W, 2332 MHz, 93 %
2026/10/10 16:37:48.117, GPU-f30bd82d-756d-28ed-24af-a6dec8bbf9bc, 3523 MiB, 130.70 W, 2332 MHz, 93 %
2026/10/10 16:37:48.617, GPU-f30bd82d-756d-28ed-24af-a6dec8bbf9bc, 3523 MiB, 132.47 W, 2332 MHz, 91 %
2026/10/10 16:37:49.118, GPU-f30bd82d-756d-28ed-24af-a6dec8bbf9bc, 3523 MiB, 133.42 W, 2332 MHz, 93 %
2026/10/10 16:37:49.618, GPU-f30bd82d-756d-28ed-24af-a6dec8bbf9bc, 3523 MiB, 132.46 W, 2332 MHz, 92 %
2026/10/10 16:37:50.118, GPU-f30bd82d-756d-28ed-24af-a6dec8bbf9bc, 3523 MiB, 131.73 W, 2332 MHz, 93 %
2026/10/10 16:37:50.618, GPU-f30bd82d-756d-28ed-24af-a6dec8bbf9bc, 3523 MiB, 137.75 W, 2332 MHz, 93 %
2026/10/10 16:37:51.118, GPU-f30bd82d-756d-28ed-24af-a6dec8bbf9bc, 3523 MiB, 141.87 W, 2332 MHz, 93 %
2026/10/10 16:37:51.618, GPU-f30bd82d-756d-28ed-24af-a6dec8bbf9bc, 3523 MiB, 140.95 W, 2332 MHz, 93 %
2026/10/10 16:37:52.118, GPU-f30bd82d-756d-28ed-24af-a6dec8bbf9bc, 3523 MiB, 139.61 W, 2332 MHz, 92 %
2026/10/10 16:37:52.618, GPU-f30bd82d-756d-28ed-24af-a6dec8bbf9bc, 3523 MiB, 140.29 W, 2332 MHz, 93 %
2026/10/10 16:37:53.118, GPU-f30bd82d-756d-28ed-24af-a6dec8bbf9bc, 3523 MiB, 134.14 W, 2332 MHz, 78 %
2026/10/10 16:37:53.619, GPU-f30bd82d-756d-28ed-24af-a6dec8bbf9bc, 3523 MiB, 125.02 W, 2332 MHz, 77 %
2026/10/10 16:37:54.119, GPU-f30bd82d-756d-28ed-24af-a6dec8bbf9bc, 3523 MiB, 121.15 W, 2332 MHz, 76 %
2026/10/10 16:37:54.619, GPU-f30bd82d-756d-28ed-24af-a6dec8bbf9bc, 3523 MiB, 119.68 W, 2332 MHz, 75 %
2026/10/10 16:37:55.119, GPU-f30bd82d-756d-28ed-24af-a6dec8bbf9bc, 3523 MiB, 118.03 W, 2332 MHz, 75 %
2026/10/10 16:37:55.619, GPU-f30bd82d-756d-28ed-24af-a6dec8bbf9bc, 3523 MiB, 118.11 W, 2332 MHz, 76 %
2026/10/10 16:37:56.119, GPU-f30bd82d-756d-28ed-24af-a6dec8bbf9bc, 3523 MiB, 120.26 W, 2332 MHz, 79 %
2026/10/10 16:37:56.619, GPU-f30bd82d-756d-28ed-24af-a6dec8bbf9bc, 3523 MiB, 119.90 W, 2332 MHz, 79 %
2026/10/10 16:37:57.120, GPU-f30bd82d-756d-28ed-24af-a6dec8bbf9bc, 3523 MiB, 120.51 W, 2332 MHz, 77 %
2026/10/10 16:37:57.620, GPU-f30bd82d-756d-28ed-24af-a6dec8bbf9bc, 3523 MiB, 120.94 W, 2332 MHz, 74 %
2026/10/10 16:37:58.120, GPU-f30bd82d-756d-28ed-24af-a6dec8bbf9bc, 3523 MiB, 120.07 W, 2332 MHz, 77 %
2026/10/10 16:37:58.620, GPU-f30bd82d-756d-28ed-24af-a6dec8bbf9bc, 3523 MiB, 119.12 W, 2332 MHz, 78 %
2026/10/10 16:37:59.120, GPU-f30bd82d-756d-28ed-24af-a6dec8bbf9bc, 3523 MiB, 118.19 W, 2332 MHz, 75 %
2026/10/10 16:37:59.620, GPU-f30bd82d-756d-28ed-24af-a6dec8bbf9bc, 3523 MiB, 119.62 W, 2332 MHz, 73 %
2026/10/10 16:38:00.120, GPU-f30bd82d-756d-28ed-24af-a6dec8bbf9bc, 3523 MiB, 120.66 W, 2332 MHz, 76 %
2026/10/10 16:38:00.620, GPU-f30bd82d-756d-28ed-24af-a6dec8bbf9bc, 3523 MiB, 122.13 W, 2332 MHz, 78 %
2026/10/10 16:38:01.120, GPU-f30bd82d-756d-28ed-24af-a6dec8bbf9bc, 3523 MiB, 120.93 W, 2332 MHz, 75 %
2026/10/10 16:38:01.621, GPU-f30bd82d-756d-28ed-24af-a6dec8bbf9bc, 3523 MiB, 121.51 W, 2332 MHz, 73 %
2026/10/10 16:38:02.121, GPU-f30bd82d-756d-28ed-24af-a6dec8bbf9bc, 3523 MiB, 120.76 W, 2332 MHz, 73 %
2026/10/10 16:38:02.621, GPU-f30bd82d-756d-28ed-24af-a6dec8bbf9bc, 3523 MiB, 121.55 W, 2332 MHz, 75 %
2026/10/10 16:38:03.121, GPU-f30bd82d-756d-28ed-24af-a6dec8bbf9bc, 3523 MiB, 119.31 W, 2332 MHz, 78 %
2026/10/10 16:38:03.621, GPU-f30bd82d-756d-28ed-24af-a6dec8bbf9bc, 3523 MiB, 121.57 W, 2332 MHz, 78 %
2026/10/10 16:38:04.121, GPU-f30bd82d-756d-28ed-24af-a6dec8bbf9bc, 3523 MiB, 124.69 W, 2332 MHz, 78 %
2026/10/10 16:38:04.626, GPU-f30bd82d-756d-28ed-24af-a6dec8bbf9bc, 3523 MiB, 122.04 W, 2332 MHz, 76 %
2026/10/10 16:38:05.129, GPU-f30bd82d-756d-28ed-24af-a6dec8bbf9bc, 3523 MiB, 121.52 W, 2332 MHz, 71 %
2026/10/10 16:38:05.629, GPU-f30bd82d-756d-28ed-24af-a6dec8bbf9bc, 3523 MiB, 120.89 W, 2332 MHz, 78 %
2026/10/10 16:38:06.129, GPU-f30bd82d-756d-28ed-24af-a6dec8bbf9bc, 3523 MiB, 121.13 W, 2332 MHz, 78 %
2026/10/10 16:38:06.632, GPU-f30bd82d-756d-28ed-24af-a6dec8bbf9bc, 3523 MiB, 116.30 W, 2332 MHz, 28 %
2026/10/10 16:38:07.132, GPU-f30bd82d-756d-28ed-24af-a6dec8bbf9bc, 3523 MiB, 97.20 W, 2332 MHz, 0 %
2026/10/10 16:38:07.632, GPU-f30bd82d-756d-28ed-24af-a6dec8bbf9bc, 1601 MiB, 77.00 W, 2332 MHz, 0 %
2026/10/10 16:38:08.132, GPU-f30bd82d-756d-28ed-24af-a6dec8bbf9bc, 1601 MiB, 76.97 W, 2332 MHz, 0 %
2026/10/10 16:38:08.632, GPU-f30bd82d-756d-28ed-24af-a6dec8bbf9bc, 0 MiB, 76.92 W, 2332 MHz, 4 %
2026/10/10 16:38:09.132, GPU-f30bd82d-756d-28ed-24af-a6dec8bbf9bc, 0 MiB, 76.63 W, 2332 MHz, 0 %
2026/10/10 16:38:09.633, GPU-f30bd82d-756d-28ed-24af-a6dec8bbf9bc, 0 MiB, 76.66 W, 2332 MHz, 0 %
2026/10/10 16:38:10.133, GPU-f30bd82d-756d-28ed-24af-a6dec8bbf9bc, 0 MiB, 76.66 W, 2332 MHz, 0 %
2026/10/10 16:38:10.633, GPU-f30bd82d-756d-28ed-24af-a6dec8bbf9bc, 0 MiB, 59.90 W, 1492 MHz, 0 %
2026/10/10 16:38:11.133, GPU-f30bd82d-756d-28ed-24af-a6dec8bbf9bc, 0 MiB, 59.90 W, 1492 MHz, 0 %
2026/10/10 16:38:11.633, GPU-f30bd82d-756d-28ed-24af-a6dec8bbf9bc, 0 MiB, 57.71 W, 1492 MHz, 0 %
2026/10/10 16:38:12.133, GPU-f30bd82d-756d-28ed-24af-a6dec8bbf9bc, 0 MiB, 57.71 W, 1492 MHz, 0 %
2026/10/10 16:38:12.634, GPU-f30bd82d-756d-28ed-24af-a6dec8bbf9bc, 0 MiB, 57.69 W, 1492 MHz, 0 %
2026/10/10 16:38:13.134, GPU-f30bd82d-756d-28ed-24af-a6dec8bbf9bc, 0 MiB, 57.69 W, 1492 MHz, 0 %
2026/10/10 16:38:13.634, GPU-f30bd82d-756d-28ed-24af-a6dec8bbf9bc, 0 MiB, 57.67 W, 1492 MHz, 0 %
2026/10/10 16:38:14.134, GPU-f30bd82d-756d-28ed-24af-a6dec8bbf9bc, 0 MiB, 57.67 W, 1492 MHz, 0 %
2026/10/10 16:38:14.634, GPU-f30bd82d-756d-28ed-24af-a6dec8bbf9bc, 0 MiB, 57.94 W, 1492 MHz, 0 %
2026/10/10 16:38:15.134, GPU-f30bd82d-756d-28ed-24af-a6dec8bbf9bc, 0 MiB, 57.94 W, 1492 MHz, 0 %
2026/10/10 16:38:15.651, GPU-f30bd82d-756d-28ed-24af-a6dec8bbf9bc, 0 MiB, 57.71 W, 1492 MHz, 0 %
2026/10/10 16:38:16.151, GPU-f30bd82d-756d-28ed-24af-a6dec8bbf9bc, 0 MiB, 57.71 W, 1492 MHz, 0 %
2026/10/10 16:38:16.651, GPU-f30bd82d-756d-28ed-24af-a6dec8bbf9bc, 0 MiB, 57.71 W, 1492 MHz, 0 %
2026/10/10 16:38:17.151, GPU-f30bd82d-756d-28ed-24af-a6dec8bbf9bc, 0 MiB, 57.71 W, 1492 MHz, 0 %
2026/10/10 16:38:17.651, GPU-f30bd82d-756d-28ed-24af-a6dec8bbf9bc, 683 MiB, 66.13 W, 1492 MHz, 0 %
2026/10/10 16:38:18.152, GPU-f30bd82d-756d-28ed-24af-a6dec8bbf9bc, 863 MiB, 69.12 W, 2332 MHz, 0 %
2026/10/10 16:38:18.653, GPU-f30bd82d-756d-28ed-24af-a6dec8bbf9bc, 865 MiB, 76.24 W, 2332 MHz, 0 %
2026/10/10 16:38:19.153, GPU-f30bd82d-756d-28ed-24af-a6dec8bbf9bc, 897 MiB, 76.12 W, 2332 MHz, 0 %
2026/10/10 16:38:19.653, GPU-f30bd82d-756d-28ed-24af-a6dec8bbf9bc, 1045 MiB, 76.51 W, 2332 MHz, 0 %
2026/10/10 16:38:20.153, GPU-f30bd82d-756d-28ed-24af-a6dec8bbf9bc, 1077 MiB, 76.71 W, 2332 MHz, 0 %
2026/10/10 16:38:20.653, GPU-f30bd82d-756d-28ed-24af-a6dec8bbf9bc, 1077 MiB, 76.28 W, 2332 MHz, 0 %
2026/10/10 16:38:21.153, GPU-f30bd82d-756d-28ed-24af-a6dec8bbf9bc, 1077 MiB, 76.29 W, 2332 MHz, 0 %
2026/10/10 16:38:21.654, GPU-f30bd82d-756d-28ed-24af-a6dec8bbf9bc, 3737 MiB, 75.80 W, 2332 MHz, 1 %
2026/10/10 16:38:22.154, GPU-f30bd82d-756d-28ed-24af-a6dec8bbf9bc, 3769 MiB, 75.97 W, 2332 MHz, 0 %
2026/10/10 16:38:22.654, GPU-f30bd82d-756d-28ed-24af-a6dec8bbf9bc, 3769 MiB, 76.54 W, 2332 MHz, 0 %
2026/10/10 16:38:23.154, GPU-f30bd82d-756d-28ed-24af-a6dec8bbf9bc, 3769 MiB, 80.98 W, 2332 MHz, 100 %
2026/10/10 16:38:23.654, GPU-f30bd82d-756d-28ed-24af-a6dec8bbf9bc, 3769 MiB, 86.66 W, 2332 MHz, 100 %
2026/10/10 16:38:24.154, GPU-f30bd82d-756d-28ed-24af-a6dec8bbf9bc, 3769 MiB, 89.07 W, 2332 MHz, 100 %
2026/10/10 16:38:24.655, GPU-f30bd82d-756d-28ed-24af-a6dec8bbf9bc, 3769 MiB, 89.05 W, 2332 MHz, 100 %
2026/10/10 16:38:25.155, GPU-f30bd82d-756d-28ed-24af-a6dec8bbf9bc, 3769 MiB, 88.98 W, 2332 MHz, 100 %
2026/10/10 16:38:25.655, GPU-f30bd82d-756d-28ed-24af-a6dec8bbf9bc, 3769 MiB, 88.99 W, 2332 MHz, 100 %
2026/10/10 16:38:26.155, GPU-f30bd82d-756d-28ed-24af-a6dec8bbf9bc, 3769 MiB, 89.08 W, 2332 MHz, 100 %
2026/10/10 16:38:26.655, GPU-f30bd82d-756d-28ed-24af-a6dec8bbf9bc, 3769 MiB, 89.12 W, 2332 MHz, 100 %
2026/10/10 16:38:27.155, GPU-f30bd82d-756d-28ed-24af-a6dec8bbf9bc, 3769 MiB, 89.18 W, 2332 MHz, 100 %
2026/10/10 16:38:27.655, GPU-f30bd82d-756d-28ed-24af-a6dec8bbf9bc, 3769 MiB, 89.18 W, 2332 MHz, 100 %
2026/10/10 16:38:28.156, GPU-f30bd82d-756d-28ed-24af-a6dec8bbf9bc, 3769 MiB, 89.18 W, 2332 MHz, 100 %
2026/10/10 16:38:28.656, GPU-f30bd82d-756d-28ed-24af-a6dec8bbf9bc, 3769 MiB, 89.18 W, 2332 MHz, 100 %
2026/10/10 16:38:29.156, GPU-f30bd82d-756d-28ed-24af-a6dec8bbf9bc, 3769 MiB, 89.17 W, 2332 MHz, 100 %
2026/10/10 16:38:29.656, GPU-f30bd82d-756d-28ed-24af-a6dec8bbf9bc, 3769 MiB, 89.06 W, 2332 MHz, 100 %
2026/10/10 16:38:30.156, GPU-f30bd82d-756d-28ed-24af-a6dec8bbf9bc, 3769 MiB, 89.05 W, 2332 MHz, 100 %
2026/10/10 16:38:30.656, GPU-f30bd82d-756d-28ed-24af-a6dec8bbf9bc, 3769 MiB, 89.04 W, 2332 MHz, 100 %
2026/10/10 16:38:31.156, GPU-f30bd82d-756d-28ed-24af-a6dec8bbf9bc, 3769 MiB, 89.06 W, 2332 MHz, 100 %
2026/10/10 16:38:31.656, GPU-f30bd82d-756d-28ed-24af-a6dec8bbf9bc, 3769 MiB, 89.18 W, 2332 MHz, 100 %
2026/10/10 16:38:32.156, GPU-f30bd82d-756d-28ed-24af-a6dec8bbf9bc, 3769 MiB, 89.18 W, 2332 MHz, 100 %
2026/10/10 16:38:32.657, GPU-f30bd82d-756d-28ed-24af-a6dec8bbf9bc, 3769 MiB, 89.16 W, 2332 MHz, 100 %
2026/10/10 16:38:33.157, GPU-f30bd82d-756d-28ed-24af-a6dec8bbf9bc, 3769 MiB, 89.14 W, 2332 MHz, 100 %
2026/10/10 16:38:33.657, GPU-f30bd82d-756d-28ed-24af-a6dec8bbf9bc, 3769 MiB, 89.10 W, 2332 MHz, 100 %
2026/10/10 16:38:34.157, GPU-f30bd82d-756d-28ed-24af-a6dec8bbf9bc, 3769 MiB, 89.09 W, 2332 MHz, 100 %
2026/10/10 16:38:34.663, GPU-f30bd82d-756d-28ed-24af-a6dec8bbf9bc, 3769 MiB, 89.04 W, 2332 MHz, 100 %
2026/10/10 16:38:35.166, GPU-f30bd82d-756d-28ed-24af-a6dec8bbf9bc, 3769 MiB, 89.04 W, 2332 MHz, 100 %
2026/10/10 16:38:35.666, GPU-f30bd82d-756d-28ed-24af-a6dec8bbf9bc, 3769 MiB, 89.04 W, 2332 MHz, 100 %
2026/10/10 16:38:36.166, GPU-f30bd82d-756d-28ed-24af-a6dec8bbf9bc, 4025 MiB, 92.23 W, 2332 MHz, 20 %
2026/10/10 16:38:36.666, GPU-f30bd82d-756d-28ed-24af-a6dec8bbf9bc, 4251 MiB, 86.39 W, 2332 MHz, 1 %
2026/10/10 16:38:37.167, GPU-f30bd82d-756d-28ed-24af-a6dec8bbf9bc, 4253 MiB, 82.16 W, 2332 MHz, 0 %
2026/10/10 16:38:37.667, GPU-f30bd82d-756d-28ed-24af-a6dec8bbf9bc, 4573 MiB, 77.07 W, 2332 MHz, 3 %
2026/10/10 16:38:38.167, GPU-f30bd82d-756d-28ed-24af-a6dec8bbf9bc, 4575 MiB, 76.47 W, 2332 MHz, 0 %
2026/10/10 16:38:38.667, GPU-f30bd82d-756d-28ed-24af-a6dec8bbf9bc, 4577 MiB, 76.25 W, 2332 MHz, 0 %
2026/10/10 16:38:39.167, GPU-f30bd82d-756d-28ed-24af-a6dec8bbf9bc, 4577 MiB, 76.82 W, 2332 MHz, 1 %
2026/10/10 16:38:39.667, GPU-f30bd82d-756d-28ed-24af-a6dec8bbf9bc, 4577 MiB, 77.26 W, 2332 MHz, 2 %
2026/10/10 16:38:40.167, GPU-f30bd82d-756d-28ed-24af-a6dec8bbf9bc, 4677 MiB, 77.17 W, 2332 MHz, 3 %
2026/10/10 16:38:40.667, GPU-f30bd82d-756d-28ed-24af-a6dec8bbf9bc, 4677 MiB, 101.89 W, 2332 MHz, 53 %
2026/10/10 16:38:41.168, GPU-f30bd82d-756d-28ed-24af-a6dec8bbf9bc, 4677 MiB, 143.43 W, 2332 MHz, 74 %
2026/10/10 16:38:41.668, GPU-f30bd82d-756d-28ed-24af-a6dec8bbf9bc, 4677 MiB, 157.29 W, 2332 MHz, 47 %
2026/10/10 16:38:42.168, GPU-f30bd82d-756d-28ed-24af-a6dec8bbf9bc, 4677 MiB, 149.04 W, 2332 MHz, 90 %
2026/10/10 16:38:42.668, GPU-f30bd82d-756d-28ed-24af-a6dec8bbf9bc, 4677 MiB, 140.05 W, 2332 MHz, 68 %
2026/10/10 16:38:43.168, GPU-f30bd82d-756d-28ed-24af-a6dec8bbf9bc, 4677 MiB, 136.29 W, 2332 MHz, 94 %
2026/10/10 16:38:43.668, GPU-f30bd82d-756d-28ed-24af-a6dec8bbf9bc, 4677 MiB, 134.76 W, 2332 MHz, 61 %
2026/10/10 16:38:44.168, GPU-f30bd82d-756d-28ed-24af-a6dec8bbf9bc, 4677 MiB, 137.42 W, 2332 MHz, 94 %
2026/10/10 16:38:44.669, GPU-f30bd82d-756d-28ed-24af-a6dec8bbf9bc, 4677 MiB, 136.97 W, 2332 MHz, 51 %
2026/10/10 16:38:45.169, GPU-f30bd82d-756d-28ed-24af-a6dec8bbf9bc, 4677 MiB, 134.91 W, 2332 MHz, 94 %
2026/10/10 16:38:45.669, GPU-f30bd82d-756d-28ed-24af-a6dec8bbf9bc, 4677 MiB, 135.48 W, 2332 MHz, 52 %
2026/10/10 16:38:46.169, GPU-f30bd82d-756d-28ed-24af-a6dec8bbf9bc, 4677 MiB, 133.64 W, 2332 MHz, 81 %
2026/10/10 16:38:46.669, GPU-f30bd82d-756d-28ed-24af-a6dec8bbf9bc, 4677 MiB, 135.00 W, 2332 MHz, 71 %
2026/10/10 16:38:47.169, GPU-f30bd82d-756d-28ed-24af-a6dec8bbf9bc, 4677 MiB, 143.41 W, 2332 MHz, 71 %
2026/10/10 16:38:47.669, GPU-f30bd82d-756d-28ed-24af-a6dec8bbf9bc, 4677 MiB, 142.90 W, 2332 MHz, 95 %
2026/10/10 16:38:48.169, GPU-f30bd82d-756d-28ed-24af-a6dec8bbf9bc, 4677 MiB, 138.98 W, 2332 MHz, 65 %
2026/10/10 16:38:48.670, GPU-f30bd82d-756d-28ed-24af-a6dec8bbf9bc, 4677 MiB, 134.93 W, 2332 MHz, 94 %
2026/10/10 16:38:49.170, GPU-f30bd82d-756d-28ed-24af-a6dec8bbf9bc, 4677 MiB, 132.87 W, 2332 MHz, 50 %
2026/10/10 16:38:49.670, GPU-f30bd82d-756d-28ed-24af-a6dec8bbf9bc, 4677 MiB, 133.96 W, 2332 MHz, 94 %
2026/10/10 16:38:50.170, GPU-f30bd82d-756d-28ed-24af-a6dec8bbf9bc, 4677 MiB, 134.02 W, 2332 MHz, 94 %
2026/10/10 16:38:50.670, GPU-f30bd82d-756d-28ed-24af-a6dec8bbf9bc, 4677 MiB, 144.41 W, 2332 MHz, 65 %
2026/10/10 16:38:51.170, GPU-f30bd82d-756d-28ed-24af-a6dec8bbf9bc, 4677 MiB, 142.73 W, 2332 MHz, 94 %
2026/10/10 16:38:51.670, GPU-f30bd82d-756d-28ed-24af-a6dec8bbf9bc, 4677 MiB, 135.32 W, 2332 MHz, 70 %
2026/10/10 16:38:52.172, GPU-f30bd82d-756d-28ed-24af-a6dec8bbf9bc, 4677 MiB, 140.80 W, 2332 MHz, 48 %
2026/10/10 16:38:52.672, GPU-f30bd82d-756d-28ed-24af-a6dec8bbf9bc, 4677 MiB, 142.39 W, 2332 MHz, 95 %
2026/10/10 16:38:53.172, GPU-f30bd82d-756d-28ed-24af-a6dec8bbf9bc, 4677 MiB, 140.42 W, 2332 MHz, 94 %
2026/10/10 16:38:53.672, GPU-f30bd82d-756d-28ed-24af-a6dec8bbf9bc, 4677 MiB, 141.85 W, 2332 MHz, 66 %
2026/10/10 16:38:54.172, GPU-f30bd82d-756d-28ed-24af-a6dec8bbf9bc, 4677 MiB, 144.55 W, 2332 MHz, 95 %
2026/10/10 16:38:54.672, GPU-f30bd82d-756d-28ed-24af-a6dec8bbf9bc, 4677 MiB, 134.63 W, 2332 MHz, 44 %
2026/10/10 16:38:55.172, GPU-f30bd82d-756d-28ed-24af-a6dec8bbf9bc, 4677 MiB, 132.62 W, 2332 MHz, 95 %
2026/10/10 16:38:55.673, GPU-f30bd82d-756d-28ed-24af-a6dec8bbf9bc, 4677 MiB, 129.12 W, 2332 MHz, 83 %
2026/10/10 16:38:56.173, GPU-f30bd82d-756d-28ed-24af-a6dec8bbf9bc, 4677 MiB, 128.36 W, 2332 MHz, 76 %
2026/10/10 16:38:56.673, GPU-f30bd82d-756d-28ed-24af-a6dec8bbf9bc, 4677 MiB, 136.42 W, 2332 MHz, 77 %
2026/10/10 16:38:57.173, GPU-f30bd82d-756d-28ed-24af-a6dec8bbf9bc, 4677 MiB, 132.34 W, 2332 MHz, 53 %
2026/10/10 16:38:57.673, GPU-f30bd82d-756d-28ed-24af-a6dec8bbf9bc, 4677 MiB, 129.58 W, 2332 MHz, 80 %
2026/10/10 16:38:58.173, GPU-f30bd82d-756d-28ed-24af-a6dec8bbf9bc, 4677 MiB, 133.85 W, 2332 MHz, 50 %
2026/10/10 16:38:58.673, GPU-f30bd82d-756d-28ed-24af-a6dec8bbf9bc, 4677 MiB, 131.85 W, 2332 MHz, 80 %
2026/10/10 16:38:59.174, GPU-f30bd82d-756d-28ed-24af-a6dec8bbf9bc, 4677 MiB, 129.02 W, 2332 MHz, 43 %
2026/10/10 16:38:59.674, GPU-f30bd82d-756d-28ed-24af-a6dec8bbf9bc, 4677 MiB, 127.53 W, 2332 MHz, 83 %
2026/10/10 16:39:00.174, GPU-f30bd82d-756d-28ed-24af-a6dec8bbf9bc, 4677 MiB, 131.68 W, 2332 MHz, 47 %
2026/10/10 16:39:00.674, GPU-f30bd82d-756d-28ed-24af-a6dec8bbf9bc, 4677 MiB, 133.76 W, 2332 MHz, 74 %
2026/10/10 16:39:01.174, GPU-f30bd82d-756d-28ed-24af-a6dec8bbf9bc, 4677 MiB, 131.56 W, 2332 MHz, 44 %
2026/10/10 16:39:01.674, GPU-f30bd82d-756d-28ed-24af-a6dec8bbf9bc, 4677 MiB, 130.72 W, 2332 MHz, 70 %
2026/10/10 16:39:02.174, GPU-f30bd82d-756d-28ed-24af-a6dec8bbf9bc, 4677 MiB, 128.36 W, 2332 MHz, 42 %
2026/10/10 16:39:02.674, GPU-f30bd82d-756d-28ed-24af-a6dec8bbf9bc, 4677 MiB, 126.63 W, 2332 MHz, 60 %
2026/10/10 16:39:03.175, GPU-f30bd82d-756d-28ed-24af-a6dec8bbf9bc, 4677 MiB, 130.59 W, 2332 MHz, 48 %
2026/10/10 16:39:03.675, GPU-f30bd82d-756d-28ed-24af-a6dec8bbf9bc, 4677 MiB, 134.34 W, 2332 MHz, 53 %
2026/10/10 16:39:04.175, GPU-f30bd82d-756d-28ed-24af-a6dec8bbf9bc, 4677 MiB, 126.00 W, 2332 MHz, 55 %
2026/10/10 16:39:04.675, GPU-f30bd82d-756d-28ed-24af-a6dec8bbf9bc, 4677 MiB, 131.44 W, 2332 MHz, 44 %
2026/10/10 16:39:05.181, GPU-f30bd82d-756d-28ed-24af-a6dec8bbf9bc, 4677 MiB, 129.56 W, 2332 MHz, 68 %
2026/10/10 16:39:05.681, GPU-f30bd82d-756d-28ed-24af-a6dec8bbf9bc, 4677 MiB, 138.00 W, 2332 MHz, 89 %
2026/10/10 16:39:06.181, GPU-f30bd82d-756d-28ed-24af-a6dec8bbf9bc, 4677 MiB, 169.47 W, 2332 MHz, 90 %
2026/10/10 16:39:06.681, GPU-f30bd82d-756d-28ed-24af-a6dec8bbf9bc, 4677 MiB, 182.22 W, 2332 MHz, 90 %
2026/10/10 16:39:07.183, GPU-f30bd82d-756d-28ed-24af-a6dec8bbf9bc, 4677 MiB, 170.29 W, 2332 MHz, 92 %
2026/10/10 16:39:07.683, GPU-f30bd82d-756d-28ed-24af-a6dec8bbf9bc, 4677 MiB, 157.61 W, 2332 MHz, 94 %
2026/10/10 16:39:08.183, GPU-f30bd82d-756d-28ed-24af-a6dec8bbf9bc, 4677 MiB, 152.78 W, 2332 MHz, 94 %
2026/10/10 16:39:08.683, GPU-f30bd82d-756d-28ed-24af-a6dec8bbf9bc, 4677 MiB, 155.06 W, 2332 MHz, 94 %
2026/10/10 16:39:09.183, GPU-f30bd82d-756d-28ed-24af-a6dec8bbf9bc, 4677 MiB, 155.15 W, 2332 MHz, 95 %
2026/10/10 16:39:09.685, GPU-f30bd82d-756d-28ed-24af-a6dec8bbf9bc, 4677 MiB, 149.31 W, 2332 MHz, 95 %
2026/10/10 16:39:10.186, GPU-f30bd82d-756d-28ed-24af-a6dec8bbf9bc, 4677 MiB, 151.91 W, 2332 MHz, 94 %
2026/10/10 16:39:10.686, GPU-f30bd82d-756d-28ed-24af-a6dec8bbf9bc, 4677 MiB, 151.40 W, 2332 MHz, 94 %
2026/10/10 16:39:11.186, GPU-f30bd82d-756d-28ed-24af-a6dec8bbf9bc, 4677 MiB, 154.43 W, 2332 MHz, 94 %
2026/10/10 16:39:11.686, GPU-f30bd82d-756d-28ed-24af-a6dec8bbf9bc, 4677 MiB, 153.09 W, 2332 MHz, 95 %
2026/10/10 16:39:12.186, GPU-f30bd82d-756d-28ed-24af-a6dec8bbf9bc, 4677 MiB, 152.87 W, 2332 MHz, 95 %
2026/10/10 16:39:12.686, GPU-f30bd82d-756d-28ed-24af-a6dec8bbf9bc, 4677 MiB, 154.45 W, 2332 MHz, 94 %
2026/10/10 16:39:13.186, GPU-f30bd82d-756d-28ed-24af-a6dec8bbf9bc, 4677 MiB, 153.80 W, 2332 MHz, 95 %
2026/10/10 16:39:13.687, GPU-f30bd82d-756d-28ed-24af-a6dec8bbf9bc, 4677 MiB, 154.43 W, 2332 MHz, 94 %
2026/10/10 16:39:14.187, GPU-f30bd82d-756d-28ed-24af-a6dec8bbf9bc, 4677 MiB, 157.51 W, 2332 MHz, 95 %
2026/10/10 16:39:14.687, GPU-f30bd82d-756d-28ed-24af-a6dec8bbf9bc, 4677 MiB, 154.08 W, 2332 MHz, 95 %
2026/10/10 16:39:15.187, GPU-f30bd82d-756d-28ed-24af-a6dec8bbf9bc, 4677 MiB, 154.40 W, 2332 MHz, 94 %
2026/10/10 16:39:15.687, GPU-f30bd82d-756d-28ed-24af-a6dec8bbf9bc, 4677 MiB, 153.43 W, 2332 MHz, 94 %
2026/10/10 16:39:16.187, GPU-f30bd82d-756d-28ed-24af-a6dec8bbf9bc, 4677 MiB, 154.07 W, 2332 MHz, 95 %
2026/10/10 16:39:16.688, GPU-f30bd82d-756d-28ed-24af-a6dec8bbf9bc, 4677 MiB, 157.07 W, 2332 MHz, 95 %
2026/10/10 16:39:17.188, GPU-f30bd82d-756d-28ed-24af-a6dec8bbf9bc, 4677 MiB, 156.52 W, 2332 MHz, 95 %
2026/10/10 16:39:17.688, GPU-f30bd82d-756d-28ed-24af-a6dec8bbf9bc, 4677 MiB, 153.07 W, 2332 MHz, 82 %
2026/10/10 16:39:18.188, GPU-f30bd82d-756d-28ed-24af-a6dec8bbf9bc, 4677 MiB, 145.60 W, 2332 MHz, 80 %
2026/10/10 16:39:18.688, GPU-f30bd82d-756d-28ed-24af-a6dec8bbf9bc, 4677 MiB, 137.53 W, 2332 MHz, 79 %
2026/10/10 16:39:19.188, GPU-f30bd82d-756d-28ed-24af-a6dec8bbf9bc, 4677 MiB, 137.39 W, 2332 MHz, 78 %
2026/10/10 16:39:19.688, GPU-f30bd82d-756d-28ed-24af-a6dec8bbf9bc, 4677 MiB, 140.84 W, 2332 MHz, 78 %
2026/10/10 16:39:20.189, GPU-f30bd82d-756d-28ed-24af-a6dec8bbf9bc, 4677 MiB, 144.68 W, 2332 MHz, 79 %
2026/10/10 16:39:20.689, GPU-f30bd82d-756d-28ed-24af-a6dec8bbf9bc, 4677 MiB, 142.10 W, 2332 MHz, 80 %
2026/10/10 16:39:21.189, GPU-f30bd82d-756d-28ed-24af-a6dec8bbf9bc, 4677 MiB, 138.75 W, 2332 MHz, 83 %
2026/10/10 16:39:21.689, GPU-f30bd82d-756d-28ed-24af-a6dec8bbf9bc, 4677 MiB, 135.68 W, 2332 MHz, 83 %
2026/10/10 16:39:22.189, GPU-f30bd82d-756d-28ed-24af-a6dec8bbf9bc, 4677 MiB, 141.41 W, 2332 MHz, 83 %
2026/10/10 16:39:22.689, GPU-f30bd82d-756d-28ed-24af-a6dec8bbf9bc, 4677 MiB, 143.52 W, 2332 MHz, 79 %
2026/10/10 16:39:23.190, GPU-f30bd82d-756d-28ed-24af-a6dec8bbf9bc, 4677 MiB, 138.39 W, 2332 MHz, 80 %
2026/10/10 16:39:23.690, GPU-f30bd82d-756d-28ed-24af-a6dec8bbf9bc, 4677 MiB, 134.92 W, 2332 MHz, 78 %
2026/10/10 16:39:24.190, GPU-f30bd82d-756d-28ed-24af-a6dec8bbf9bc, 4677 MiB, 142.58 W, 2332 MHz, 77 %
2026/10/10 16:39:24.690, GPU-f30bd82d-756d-28ed-24af-a6dec8bbf9bc, 4677 MiB, 142.14 W, 2332 MHz, 82 %
2026/10/10 16:39:25.193, GPU-f30bd82d-756d-28ed-24af-a6dec8bbf9bc, 4677 MiB, 139.90 W, 2332 MHz, 83 %
2026/10/10 16:39:25.694, GPU-f30bd82d-756d-28ed-24af-a6dec8bbf9bc, 4677 MiB, 142.81 W, 2332 MHz, 82 %
2026/10/10 16:39:26.194, GPU-f30bd82d-756d-28ed-24af-a6dec8bbf9bc, 4677 MiB, 142.51 W, 2332 MHz, 80 %
2026/10/10 16:39:26.694, GPU-f30bd82d-756d-28ed-24af-a6dec8bbf9bc, 4677 MiB, 138.23 W, 2332 MHz, 78 %
2026/10/10 16:39:27.194, GPU-f30bd82d-756d-28ed-24af-a6dec8bbf9bc, 4677 MiB, 140.35 W, 2332 MHz, 80 %
2026/10/10 16:39:27.694, GPU-f30bd82d-756d-28ed-24af-a6dec8bbf9bc, 4677 MiB, 139.76 W, 2332 MHz, 81 %
2026/10/10 16:39:28.194, GPU-f30bd82d-756d-28ed-24af-a6dec8bbf9bc, 4677 MiB, 138.32 W, 2332 MHz, 83 %
2026/10/10 16:39:28.694, GPU-f30bd82d-756d-28ed-24af-a6dec8bbf9bc, 4677 MiB, 141.17 W, 2332 MHz, 84 %
2026/10/10 16:39:29.195, GPU-f30bd82d-756d-28ed-24af-a6dec8bbf9bc, 4677 MiB, 141.23 W, 2332 MHz, 81 %
2026/10/10 16:39:29.695, GPU-f30bd82d-756d-28ed-24af-a6dec8bbf9bc, 4677 MiB, 144.44 W, 2332 MHz, 80 %
2026/10/10 16:39:30.195, GPU-f30bd82d-756d-28ed-24af-a6dec8bbf9bc, 4677 MiB, 139.89 W, 2332 MHz, 79 %
2026/10/10 16:39:30.695, GPU-f30bd82d-756d-28ed-24af-a6dec8bbf9bc, 4677 MiB, 137.12 W, 2332 MHz, 82 %
2026/10/10 16:39:31.195, GPU-f30bd82d-756d-28ed-24af-a6dec8bbf9bc, 4677 MiB, 134.11 W, 2332 MHz, 83 %
2026/10/10 16:39:31.695, GPU-f30bd82d-756d-28ed-24af-a6dec8bbf9bc, 4677 MiB, 137.48 W, 2332 MHz, 83 %
2026/10/10 16:39:32.196, GPU-f30bd82d-756d-28ed-24af-a6dec8bbf9bc, 4677 MiB, 137.79 W, 2332 MHz, 79 %
2026/10/10 16:39:32.696, GPU-f30bd82d-756d-28ed-24af-a6dec8bbf9bc, 4677 MiB, 135.92 W, 2332 MHz, 78 %
2026/10/10 16:39:33.196, GPU-f30bd82d-756d-28ed-24af-a6dec8bbf9bc, 4677 MiB, 136.10 W, 2332 MHz, 80 %
2026/10/10 16:39:33.696, GPU-f30bd82d-756d-28ed-24af-a6dec8bbf9bc, 4677 MiB, 136.03 W, 2332 MHz, 78 %
2026/10/10 16:39:34.196, GPU-f30bd82d-756d-28ed-24af-a6dec8bbf9bc, 4677 MiB, 141.84 W, 2332 MHz, 78 %
2026/10/10 16:39:34.700, GPU-f30bd82d-756d-28ed-24af-a6dec8bbf9bc, 4677 MiB, 141.24 W, 2332 MHz, 75 %
2026/10/10 16:39:35.203, GPU-f30bd82d-756d-28ed-24af-a6dec8bbf9bc, 4677 MiB, 110.48 W, 2332 MHz, 0 %
2026/10/10 16:39:35.703, GPU-f30bd82d-756d-28ed-24af-a6dec8bbf9bc, 4677 MiB, 77.28 W, 2332 MHz, 0 %
2026/10/10 16:39:36.203, GPU-f30bd82d-756d-28ed-24af-a6dec8bbf9bc, 4677 MiB, 77.28 W, 2332 MHz, 0 %
2026/10/10 16:39:36.704, GPU-f30bd82d-756d-28ed-24af-a6dec8bbf9bc, 1603 MiB, 78.08 W, 2332 MHz, 0 %
2026/10/10 16:39:37.204, GPU-f30bd82d-756d-28ed-24af-a6dec8bbf9bc, 1603 MiB, 78.01 W, 2332 MHz, 0 %
