level,quadrature,case,peak_pa,hot_position_m,full_residual_relative,force_error_n,moment_error_nm
4,6,0,2080493.4325953068,"[0.018259220033424724, 0.012860283179000615, -0.005918233458248786]",2.4379387768668627e-11,5.735674758739812e-15,7.759858466330566e-17
4,6,1,2192647.24260695,"[0.011270396421529055, 0.019140556145675933, -0.001972726699440111]",2.059759863984415e-11,6.49296592341563e-16,5.822478602598276e-18
4,6,2,2468406.2349399943,"[-0.0008747892137590232, -0.020758066261155648, 0.006011033461656682]",4.1450891761889774e-11,1.1322097734007351e-15,1.5651989574966913e-17
4,6,3,2558876.081859438,"[0.009911130601847513, 0.015747549924306815, 0.01224857855394805]",2.7766953943922732e-11,1.1957467920563633e-15,2.375367947065671e-18
4,6,4,1291722.796391364,"[0.016742054774045306, -0.01034715889187244, -0.017633557568774192]",1.670137004454927e-11,2.641887605190528e-15,2.3298997643884432e-17
4,6,5,3600454.6816927637,"[-0.008820573465814439, -0.01984804712380171, -0.011508411980551431]",3.105498580737233e-11,2.059156955057807e-15,5.690316088760835e-17
4,6,6,1259160.4028673451,"[-0.009174054814204555, 0.007228063621117035, 0.02357696613451892]",1.3506571017647957e-11,2.9893669801409083e-16,6.083379069214959e-18
4,6,7,2422582.6049753516,"[-0.020824358612965627, -0.005755711161840377, 0.002445031718262077]",2.918757743239371e-11,1.371584158359508e-15,4.008909922216052e-17
4,6,8,2236947.642820971,"[0.0031198877316145016, -0.016756286257838617, 0.0155777546918455]",2.5914975254464726e-11,2.601483773652403e-15,1.1692430531609289e-17
4,6,9,1500693.0430747124,"[-0.010478247378713775, -0.00516992741101476, 0.023571449268721387]",2.1042645003217714e-11,5.438959822042073e-16,2.2585846612839575e-17
4,6,10,1219184.972598677,"[0.007013614841062606, -0.019574134205072997, 0.00595160163235658]",3.2029619854591496e-11,3.986380959859201e-15,1.238840354700144e-17
4,6,11,3323587.9628475937,"[-0.019023495626760867, 0.0027096537001969298, 0.010746863804597367]",2.8067998771882148e-11,3.2034551839651118e-15,6.283435673255384e-17
4,10,0,2080494.4589645541,"[0.018259220033424724, 0.012860283179000615, -0.005918233458248786]",2.3129596728186242e-11,9.681883197664364e-15,1.1706491900023006e-16
4,10,1,2192643.6967093805,"[0.011270396421529055, 0.019140556145675933, -0.001972726699440111]",2.0098700259420283e-11,2.081853200119796e-15,3.060447514229249e-17
4,10,2,2468405.8669739896,"[-0.0008747892137590232, -0.020758066261155648, 0.006011033461656682]",4.209936238396713e-11,8.901884245471823e-15,5.572756979560851e-17
4,10,3,2558875.381083585,"[0.009911130601847513, 0.015747549924306815, 0.01224857855394805]",2.917097716838307e-11,4.0351681652475706e-15,1.688573095058233e-17
4,10,4,1291722.5342920856,"[0.016742054774045306, -0.01034715889187244, -0.017633557568774192]",1.6920961558144726e-11,1.431499025786612e-15,5.757511675471315e-18
4,10,5,3600451.299091148,"[-0.008820573465814439, -0.01984804712380171, -0.011508411980551431]",3.0167843703078046e-11,1.0438458340849585e-14,8.405804829682088e-17
4,10,6,1259159.551080573,"[-0.009174054814204555, 0.007228063621117035, 0.02357696613451892]",1.36302459345674e-11,4.327378194157055e-15,5.553316972107109e-17
4,10,7,2422581.500516776,"[-0.020824358612965627, -0.005755711161840377, 0.002445031718262077]",2.7958719607270996e-11,7.795045326540332e-15,2.6479404645468863e-17
4,10,8,2236948.0175079578,"[0.0031198877316145016, -0.016756286257838617, 0.0155777546918455]",2.4556709962522625e-11,7.17297732118915e-15,5.1574138085957184e-17
4,10,9,1500693.5331780324,"[-0.010478247378713775, -0.00516992741101476, 0.023571449268721387]",2.0487674269102927e-11,4.255211271505921e-15,2.3354429532350847e-17
4,10,10,1219185.1270749825,"[0.007013614841062606, -0.019574134205072997, 0.00595160163235658]",3.1599864626246446e-11,5.2395587408934936e-15,3.439228744313787e-17
4,10,11,3323587.6206533024,"[-0.019023495626760867, 0.0027096537001969298, 0.010746863804597367]",2.842309948906049e-11,5.18117501439987e-15,4.979593159484584e-17
4,16,0,2080494.4290716038,"[0.018259220033424724, 0.012860283179000615, -0.005918233458248786]",2.541968633122087e-11,2.085919684541963e-15,1.6996749443881478e-17
4,16,1,2192643.5498739625,"[0.011270396421529055, 0.019140556145675933, -0.001972726699440111]",1.9831781452823323e-11,7.116369374452906e-15,7.227783183072371e-17
4,16,2,2468405.9706094433,"[-0.0008747892137590232, -0.020758066261155648, 0.006011033461656682]",4.0878082598138246e-11,9.155133597044475e-15,4.054988597855392e-17
4,16,3,2558875.9909331277,"[0.009911130601847513, 0.015747549924306815, 0.01224857855394805]",2.7626392684893024e-11,3.412920201770619e-15,1.0763676101455518e-17
4,16,4,1291722.5023826566,"[0.016742054774045306, -0.01034715889187244, -0.017633557568774192]",1.8011289683407712e-11,1.3579371048885972e-14,1.63268176061659e-16
4,16,5,3600451.317329339,"[-0.008820573465814439, -0.01984804712380171, -0.011508411980551431]",3.0051742063497343e-11,5.8167634697480146e-15,7.926756236672954e-17
4,16,6,1259159.5339785013,"[-0.009174054814204555, 0.007228063621117035, 0.02357696613451892]",1.3330113711914466e-11,5.003707553108401e-15,5.946055725315069e-17
4,16,7,2422581.4133425443,"[-0.020824358612965627, -0.005755711161840377, 0.002445031718262077]",2.771400219918276e-11,5.9635786656422424e-15,6.860661381957698e-17
4,16,8,2236947.6698951717,"[0.0031198877316145016, -0.016756286257838617, 0.0155777546918455]",2.482684057295016e-11,5.827943902203893e-15,5.245031818637798e-17
4,16,9,1500693.5607132704,"[-0.010478247378713775, -0.00516992741101476, 0.023571449268721387]",2.048521959075557e-11,1.5857156540161844e-15,1.9762540273474587e-17
4,16,10,1219185.1169668743,"[0.007013614841062606, -0.019574134205072997, 0.00595160163235658]",3.1175554713540267e-11,4.0217819489551846e-15,3.07546707744636e-17
4,16,11,3323587.719448487,"[-0.019023495626760867, 0.0027096537001969298, 0.010746863804597367]",2.7500400859017984e-11,5.411999185812533e-15,3.7367087251761353e-17
5,6,0,2127906.972863108,"[0.01899927675783229, 0.011742198798006262, -0.005852709660483848]",2.2723985091997667e-11,4.7311656265286475e-15,6.548437517301134e-17
5,6,1,2307156.8282250506,"[0.012534406237569611, 0.018360476789588624, -0.002208343603169426]",2.0812870952305457e-11,1.8826793326666837e-15,1.5540063044689707e-17
5,6,2,2455684.824048538,"[-0.001294614209656801, -0.02045517452833554, 0.006993711913206044]",3.419454489738175e-11,1.3668374046290032e-14,8.402119154262119e-17
5,6,3,2537779.3727045,"[0.009911130601847513, 0.015747549924306815, 0.01224857855394805]",3.06142589413439e-11,1.631687946612622e-15,3.4216843416934272e-18
5,6,4,1304171.1669064863,"[0.016904615008117196, -0.009603135992948411, -0.018116175065132963]",1.977974300703211e-11,6.800739081636116e-15,4.857661330147111e-17
5,6,5,3635894.387448463,"[-0.008820573465814439, -0.01984804712380171, -0.011508411980551431]",2.0787631880370616e-11,8.618363220891534e-15,4.347204570675246e-17
5,6,6,1246292.1446825883,"[-0.009837574256979884, 0.006861688016041482, 0.023214329731227293]",1.5013542732141468e-11,5.822323291361136e-15,8.153778822049691e-17
5,6,7,2454275.931707172,"[-0.020824358612965627, -0.005755711161840377, 0.002445031718262077]",2.6624487836388758e-11,6.657246738578788e-15,3.218893817119162e-17
5,6,8,2242257.1243992145,"[0.002734709534186706, -0.016401023759927722, 0.016365950218836356]",3.4148214904749955e-11,7.42439598568922e-15,4.8706575903749616e-17
5,6,9,1509979.9302749168,"[-0.010490147808933863, -0.005828183335619799, 0.023206999092564365]",1.8986409402945482e-11,3.367473164340296e-15,2.921643230322603e-17
5,6,10,1269419.3314461038,"[0.007377025640915972, -0.019145440693726475, 0.0069213573417227885]",3.904873213662511e-11,3.594105914270484e-15,2.7853658135740624e-17
5,6,11,3384452.8513493524,"[-0.019403968213480463, 0.00273860659612829, 0.00972872194080027]",2.3461138783595936e-11,1.8115786944112872e-14,5.1489444928747816e-17
5,10,0,2127906.9544701166,"[0.01899927675783229, 0.011742198798006262, -0.005852709660483848]",2.2500110316880468e-11,2.1210781103223385e-15,6.249821332214516e-17
5,10,1,2307156.694362494,"[0.012534406237569611, 0.018360476789588624, -0.002208343603169426]",2.0946180823965737e-11,3.189114430421103e-15,3.829244903653619e-17
5,10,2,2455684.9597388534,"[-0.001294614209656801, -0.02045517452833554, 0.006993711913206044]",3.50752933736149e-11,3.1586771848828093e-14,2.2497466781110483e-16
5,10,3,2537779.494049089,"[0.009911130601847513, 0.015747549924306815, 0.01224857855394805]",3.058716364484249e-11,2.8887141192996264e-15,2.0870821417488745e-17
5,10,4,1304171.138121183,"[0.016904615008117196, -0.009603135992948411, -0.018116175065132963]",2.008564333132361e-11,1.2299447326110758e-14,1.7400833516241354e-16
5,10,5,3635894.1222527535,"[-0.008820573465814439, -0.01984804712380171, -0.011508411980551431]",2.066405944386654e-11,2.3161391742586976e-14,1.4195084375639144e-16
5,10,6,1246292.190032063,"[-0.009837574256979884, 0.006861688016041482, 0.023214329731227293]",1.5055285448871075e-11,2.648876738051731e-15,1.7738554840462904e-17
5,10,7,2454275.914218131,"[-0.020824358612965627, -0.005755711161840377, 0.002445031718262077]",2.6161488218696126e-11,1.2880412458331861e-14,6.382332695823257e-17
5,10,8,2242257.029302842,"[0.002734709534186706, -0.016401023759927722, 0.016365950218836356]",3.407038664447603e-11,6.812283606835143e-15,3.477164367937963e-17
5,10,9,1509979.917156035,"[-0.010490147808933863, -0.005828183335619799, 0.023206999092564365]",1.8917199421615654e-11,1.750353832986949e-14,1.6310293857690313e-16
5,10,10,1269419.3140921707,"[0.007377025640915972, -0.019145440693726475, 0.0069213573417227885]",3.932172987962693e-11,3.4421390178013257e-15,1.6348100672645593e-17
5,10,11,3384452.8628111705,"[-0.019403968213480463, 0.00273860659612829, 0.00972872194080027]",2.3365741331949893e-11,1.512794090498244e-14,1.7524141866682687e-16
5,16,0,2127906.962715472,"[0.01899927675783229, 0.011742198798006262, -0.005852709660483848]",2.3488185778297492e-11,7.075004567249551e-15,1.0025441086192112e-16
5,16,1,2307156.733870755,"[0.012534406237569611, 0.018360476789588624, -0.002208343603169426]",2.148270981335526e-11,5.275093004723664e-15,3.725871453159769e-17
5,16,2,2455684.9391232138,"[-0.001294614209656801, -0.02045517452833554, 0.006993711913206044]",3.468346739925379e-11,1.4509982082432137e-14,2.274474244420852e-17
5,16,3,2537779.4829916474,"[0.009911130601847513, 0.015747549924306815, 0.01224857855394805]",3.063212765811056e-11,7.529898907871222e-16,1.1451556653037803e-17
5,16,4,1304171.1299274298,"[0.016904615008117196, -0.009603135992948411, -0.018116175065132963]",1.9952468531128448e-11,8.588455980330552e-15,1.1985294759055566e-16
5,16,5,3635894.1666382533,"[-0.008820573465814439, -0.01984804712380171, -0.011508411980551431]",2.0610243127130828e-11,4.192367377489786e-14,2.666287476477243e-16
5,16,6,1246292.1855715516,"[-0.009837574256979884, 0.006861688016041482, 0.023214329731227293]",1.497455081461537e-11,3.463112898778813e-15,6.227068716409033e-17
5,16,7,2454275.9137126296,"[-0.020824358612965627, -0.005755711161840377, 0.002445031718262077]",2.7067009105145117e-11,1.5836344317460215e-14,4.3646914721623016e-17
5,16,8,2242257.018300971,"[0.002734709534186706, -0.016401023759927722, 0.016365950218836356]",3.411892363475605e-11,4.6444790611127525e-15,2.9558431452430804e-17
5,16,9,1509979.9222024654,"[-0.010490147808933863, -0.005828183335619799, 0.023206999092564365]",1.8955613371728268e-11,3.2801031494578143e-14,2.9694490940604686e-16
5,16,10,1269419.3218851674,"[0.007377025640915972, -0.019145440693726475, 0.0069213573417227885]",3.931037157288468e-11,1.4730969424376307e-14,6.220864475298511e-17
5,16,11,3384452.8607085887,"[-0.019403968213480463, 0.00273860659612829, 0.00972872194080027]",2.3378270938516432e-11,4.8413394244973836e-15,8.716877585302702e-17
6,6,0,2130196.4901130632,"[0.018825277146606492, 0.012028074869554478, -0.005581741377607986]",2.5192429421936454e-11,1.2013516046541617e-14,2.51205689294775e-16
6,6,1,2320466.361190736,"[0.012183862752582415, 0.018611745192588194, -0.0023973311240240627]",2.1995690531184016e-11,1.5634545997298035e-15,2.5689872485585933e-17
6,6,2,2466159.0513516185,"[-0.001517120689889564, -0.020586023907261893, 0.00649275506109388]",3.728873139072132e-11,2.1287639892541846e-14,6.168653036017954e-17
6,6,3,2543629.1747431867,"[0.009735334834382879, 0.01601013213432103, 0.011937394523122676]",2.9751717557604e-11,1.0990647210786426e-14,2.2076230607848805e-17
6,6,4,1298042.4459260008,"[0.01711083795155526, -0.009732654940600442, -0.01762590503468679]",1.9189778805204897e-11,1.2074409138593832e-14,1.6428106659039248e-16
6,6,5,3628833.517449599,"[-0.008656925336462418, -0.01981587401768401, -0.01195831046709447]",2.499076627487697e-11,1.0450849607480623e-14,7.55352067598096e-17
6,6,6,1246039.7298981696,"[-0.009507102566090372, 0.007046373491659509, 0.023400627396069722]",1.4242772949374532e-11,4.952951166691113e-15,7.159355642981434e-17
6,6,7,2443266.835032544,"[-0.020824358612965627, -0.005755711161840377, 0.002445031718262077]",3.363827016063304e-11,2.3312771112577507e-14,8.279557292393911e-17
6,6,8,2252552.7738445154,"[0.0031244408632930846, -0.016356670755309197, 0.01631976338903235]",3.2154024993650145e-11,5.28676325599372e-15,1.0252899093818421e-16
6,6,9,1505853.7212088695,"[-0.010490147808933863, -0.005828183335619799, 0.023206999092564365]",2.5117013256698485e-11,7.88571024349583e-15,1.0043581013421385e-16
6,6,10,1264260.7790756228,"[0.007553129162869006, -0.01923112655988634, 0.00642463259107222]",3.570572089884623e-11,1.2642535206859202e-14,7.768215882286804e-17
6,6,11,3374779.2730529015,"[-0.01923992364904341, 0.0030742969349907465, 0.01003607781634701]",2.559633655888701e-11,7.331676146681978e-15,9.068805166967211e-17
6,10,0,2130196.4977067383,"[0.018825277146606492, 0.012028074869554478, -0.005581741377607986]",2.5549614562129544e-11,1.543249939792259e-14,2.35782042469211e-16
6,10,1,2320466.3704533065,"[0.012183862752582415, 0.018611745192588194, -0.0023973311240240627]",2.1928248924984185e-11,1.1645117940029139e-14,1.2268570407473357e-16
6,10,2,2466159.046892099,"[-0.001517120689889564, -0.020586023907261893, 0.00649275506109388]",3.7153628086874323e-11,3.082023908893717e-14,3.1234846604348284e-16
6,10,3,2543629.148254735,"[0.009735334834382879, 0.01601013213432103, 0.011937394523122676]",2.965777857102547e-11,2.4175600284320993e-14,1.0303092868047786e-16
6,10,4,1298042.4459278549,"[0.01711083795155526, -0.009732654940600442, -0.01762590503468679]",1.9356913623448428e-11,6.709275326305665e-15,2.4100524239698785e-17
6,10,5,3628833.544205956,"[-0.008656925336462418, -0.01981587401768401, -0.01195831046709447]",2.498890645165944e-11,4.2465994410098546e-14,2.514571285262429e-16
6,10,6,1246039.7367265562,"[-0.009507102566090372, 0.007046373491659509, 0.023400627396069722]",1.4153974968892157e-11,4.3298697960381105e-15,4.2077242380864323e-17
6,10,7,2443266.8378559723,"[-0.020824358612965627, -0.005755711161840377, 0.002445031718262077]",3.4108935600004697e-11,3.719173600205115e-14,2.427547791402322e-16
6,10,8,2252552.7975986553,"[0.0031244408632930846, -0.016356670755309197, 0.01631976338903235]",3.217064143436049e-11,1.684989767498933e-14,4.346825990894672e-17
6,10,9,1505853.7203237594,"[-0.010490147808933863, -0.005828183335619799, 0.023206999092564365]",2.536019466884847e-11,2.1833037533321847e-14,1.7040085151474366e-16
6,10,10,1264260.779285788,"[0.007553129162869006, -0.01923112655988634, 0.00642463259107222]",3.5431037291082924e-11,4.2410664857581844e-15,2.413464233667986e-17
6,10,11,3374779.269971092,"[-0.01923992364904341, 0.0030742969349907465, 0.01003607781634701]",2.5467931136872986e-11,2.8543424940590165e-14,3.5144744132163206e-16
6,16,0,2130196.496683545,"[0.018825277146606492, 0.012028074869554478, -0.005581741377607986]",2.5346403388846558e-11,1.4905545222651586e-14,1.8047794930253704e-16
6,16,1,2320466.367930324,"[0.012183862752582415, 0.018611745192588194, -0.0023973311240240627]",2.2056920469722093e-11,1.0980128164946024e-15,2.2282926508592498e-17
6,16,2,2466159.0465550134,"[-0.001517120689889564, -0.020586023907261893, 0.00649275506109388]",3.699784679153435e-11,5.549871534040622e-14,1.6704371518011464e-16
6,16,3,2543629.147473114,"[0.009735334834382879, 0.01601013213432103, 0.011937394523122676]",2.97866931849193e-11,7.177915983922307e-15,3.1513562911049927e-17
6,16,4,1298042.445759405,"[0.01711083795155526, -0.009732654940600442, -0.01762590503468679]",1.9279192636431092e-11,2.325990102114644e-14,2.4753415977219407e-16
6,16,5,3628833.539257969,"[-0.008656925336462418, -0.01981587401768401, -0.01195831046709447]",2.5050298251066788e-11,2.1207294112854883e-14,3.607891213940247e-16
6,16,6,1246039.7360002967,"[-0.009507102566090372, 0.007046373491659509, 0.023400627396069722]",1.4170092416977496e-11,2.8375919212413465e-15,2.8414423778332316e-17
6,16,7,2443266.8371457406,"[-0.020824358612965627, -0.005755711161840377, 0.002445031718262077]",3.385727242220012e-11,1.7969914077810196e-14,1.532195185289335e-16
6,16,8,2252552.7959124213,"[0.0031244408632930846, -0.016356670755309197, 0.01631976338903235]",3.204574056714123e-11,2.026826084995338e-14,2.1012264849193864e-16
6,16,9,1505853.721002414,"[-0.010490147808933863, -0.005828183335619799, 0.023206999092564365]",2.535182854649706e-11,2.146753376660775e-14,2.2301367310630486e-16
6,16,10,1264260.778936365,"[0.007553129162869006, -0.01923112655988634, 0.00642463259107222]",3.539598644582388e-11,3.602669438238049e-15,2.931118065054688e-17
6,16,11,3374779.26915384,"[-0.01923992364904341, 0.0030742969349907465, 0.01003607781634701]",2.5529471148115358e-11,2.4527701264735044e-14,3.059021431322684e-16
