level,layers,quadrature,suite,case,label,peak_pa,hot_position_m,full_residual_absolute_n,full_residual_relative,moment_error_nm
4,2,6,0,0,asymmetric finite pad 0,4287303.881495192,"[0.018259220033424724, 0.012860283179000615, -0.005918233458248786]",7.471391366637843e-12,1.417043529283235e-11,1.5515838457795457e-17
4,2,6,0,1,asymmetric finite pad 1,3217002.356826451,"[0.011270396421529055, 0.019140556145675933, -0.001972726699440111]",5.5906313856758615e-12,1.2783338733948265e-11,7.208110037058612e-18
4,2,6,0,2,asymmetric finite pad 2,5371729.602937128,"[-0.018069581386226982, 0.0013318944986175085, 0.013360951339082841]",1.603502488713029e-11,1.948994964635152e-11,1.4869389108035477e-17
4,2,6,0,3,asymmetric finite pad 3,3873524.6219497663,"[0.009911130601847513, 0.015747549924306815, 0.01224857855394805]",6.783039341818502e-12,1.8403986493796727e-11,4.44390651272216e-18
4,2,6,0,4,asymmetric finite pad 4,1290591.005873837,"[0.016742054774045306, -0.01034715889187244, -0.017633557568774192]",3.885324609304296e-12,1.7852432206067748e-11,1.2426300250839575e-17
4,2,6,0,5,asymmetric finite pad 5,3599217.367346762,"[-0.008820573465814439, -0.01984804712380171, -0.011508411980551431]",1.0182496562754108e-11,1.7733815741219682e-11,2.549512416582222e-17
4,2,6,0,6,asymmetric finite pad 6,1258255.7862759011,"[-0.009174054814204555, 0.007228063621117035, 0.02357696613451892]",1.8329219283240416e-12,1.1317928038385028e-11,3.6172728287859415e-17
4,2,6,0,7,asymmetric finite pad 7,2422274.89663129,"[-0.020824358612965627, -0.005755711161840377, 0.002445031718262077]",1.3604400920621803e-11,3.433118711530696e-11,3.913714551286889e-17
4,2,6,0,8,asymmetric finite pad 8,2235434.469733501,"[0.0031198877316145016, -0.016756286257838617, 0.0155777546918455]",9.45942313789136e-12,2.7442216900234862e-11,2.4750224566668287e-17
4,2,6,0,9,asymmetric finite pad 9,1499421.7130473002,"[-0.010478247378713775, -0.00516992741101476, 0.023571449268721387]",3.963428944721199e-12,1.778948760952439e-11,7.798664417925885e-17
4,2,6,0,10,asymmetric finite pad 10,1218636.9897172472,"[0.007013614841062606, -0.019574134205072997, 0.00595160163235658]",7.974770166133838e-12,3.839726549899574e-11,1.5369689155648102e-17
4,2,6,0,11,asymmetric finite pad 11,3321668.917366647,"[-0.019023495626760867, 0.0027096537001969298, 0.010746863804597367]",1.1741789460941186e-11,2.230499245196009e-11,2.8025315438821013e-17
4,2,6,1,0,"approach/table: frame 2, environment 0",270830.5583733708,"[0.0, 0.0, -0.03]",6.713878206290566e-13,1.8724133388750288e-11,3.138437053755379e-19
4,2,6,1,1,"clamp: frame 108, environment 0",431184.5847785367,"[0.0, -0.022327022600230326, -0.004005703042658628]",2.1012489133243597e-12,2.1440483292064514e-11,1.0640704537683538e-18
4,2,6,1,2,"lift: frame 180, environment 0",249097.7603585496,"[0.0, -0.022327022600230326, -0.004005703042658628]",1.3994182025563692e-12,2.5086418023076805e-11,2.240155099028841e-18
4,2,6,1,3,"hold: frame 323, environment 0",253806.47505110566,"[0.0, 0.022, 0.0]",1.4332514055869368e-12,2.6670906274083733e-11,1.0335646257433034e-18
4,2,6,1,4,"weak/sliding: frame 420, environment 0",180390.22557304977,"[0.0, 0.022, 0.0]",7.550523575612596e-13,2.3375695784915555e-11,3.4826396353454124e-19
4,2,6,1,5,"release/table: frame 556, environment 0",1610331.381331924,"[0.0, 0.0, -0.03]",3.751366420963669e-12,1.801108204934891e-11,1.9178145085040872e-19
4,2,10,0,0,asymmetric finite pad 0,4287327.742621001,"[0.018259220033424724, 0.012860283179000615, -0.005918233458248786]",7.963637116671481e-12,1.5103943636982528e-11,1.8843920332467886e-17
4,2,10,0,1,asymmetric finite pad 1,3217000.37807445,"[0.011270396421529055, 0.019140556145675933, -0.001972726699440111]",5.6228076646264445e-12,1.2856932965914976e-11,1.3303474337924044e-17
4,2,10,0,2,asymmetric finite pad 2,5371725.227667901,"[-0.018069581386226982, 0.0013318944986175085, 0.013360951339082841]",1.612492384097628e-11,1.9599226079655643e-11,2.150358604472666e-17
4,2,10,0,3,asymmetric finite pad 3,3873521.281286975,"[0.009911130601847513, 0.015747549924306815, 0.01224857855394805]",6.444628343122532e-12,1.748581333545736e-11,2.5287722848198975e-18
4,2,10,0,4,asymmetric finite pad 4,1290590.7493133978,"[0.016742054774045306, -0.01034715889187244, -0.017633557568774192]",4.074074468189905e-12,1.8719710673168483e-11,6.163152947536761e-17
4,2,10,0,5,asymmetric finite pad 5,3599213.988499808,"[-0.008820573465814439, -0.01984804712380171, -0.011508411980551431]",1.0630005806994343e-11,1.8513205262444615e-11,3.291406376790657e-17
4,2,10,0,6,asymmetric finite pad 6,1258254.8946789876,"[-0.009174054814204555, 0.007228063621117035, 0.02357696613451892]",1.7680835626442104e-12,1.0917569842077683e-11,1.4541249046279107e-17
4,2,10,0,7,asymmetric finite pad 7,2422273.8076378433,"[-0.020824358612965627, -0.005755711161840377, 0.002445031718262077]",1.3538949888932316e-11,3.41660281118689e-11,3.284542122443648e-17
4,2,10,0,8,asymmetric finite pad 8,2235434.891767685,"[0.0031198877316145016, -0.016756286257838617, 0.0155777546918455]",9.357052288928958e-12,2.7145232956683656e-11,1.2682182353019087e-17
4,2,10,0,9,asymmetric finite pad 9,1499422.1681248448,"[-0.010478247378713775, -0.00516992741101476, 0.023571449268721387]",3.8855232867838345e-12,1.7439810467547576e-11,1.1098693320303438e-16
4,2,10,0,10,asymmetric finite pad 10,1218637.1186524185,"[0.007013614841062606, -0.019574134205072997, 0.00595160163235658]",7.687287232239388e-12,3.7013078430905494e-11,2.6125448127476264e-17
4,2,10,0,11,asymmetric finite pad 11,3321668.51681337,"[-0.019023495626760867, 0.0027096537001969298, 0.010746863804597367]",1.2195851024372668e-11,2.3167544869754578e-11,3.254629732262919e-17
4,2,10,1,0,"approach/table: frame 2, environment 0",270831.31050794985,"[0.0, 0.0, -0.03]",7.161057066181557e-13,1.99712065055828e-11,1.1192059827545499e-19
4,2,10,1,1,"clamp: frame 108, environment 0",431184.50528400904,"[0.0, -0.022327022600230326, -0.004005703042658628]",2.1161545825133714e-12,2.1592582331256736e-11,1.2383959345943694e-18
4,2,10,1,2,"lift: frame 180, environment 0",249097.66303378346,"[0.0, -0.022327022600230326, -0.004005703042658628]",1.4991901202696096e-12,2.687495279212663e-11,5.7671103565986585e-18
4,2,10,1,3,"hold: frame 323, environment 0",253805.90299403633,"[0.0, 0.022, 0.0]",1.4432454248536637e-12,2.6856889078182257e-11,1.1516963935502795e-18
4,2,10,1,4,"weak/sliding: frame 420, environment 0",180389.96821867913,"[0.0, 0.022, 0.0]",7.545362082248146e-13,2.3359715959659127e-11,6.414346184987071e-19
4,2,10,1,5,"release/table: frame 556, environment 0",1610336.3076042328,"[0.0, 0.0, -0.03]",3.987726400685776e-12,1.9145840262556958e-11,1.616476807624008e-18
4,2,16,0,0,asymmetric finite pad 0,4287329.121771769,"[0.018259220033424724, 0.012860283179000615, -0.005918233458248786]",7.918929136181997e-12,1.5019141516679828e-11,3.720567359326163e-17
4,2,16,0,1,asymmetric finite pad 1,3217000.1510882466,"[0.011270396421529055, 0.019140556145675933, -0.001972726699440111]",5.6011541921067334e-12,1.2807423153640804e-11,3.744313825440819e-17
4,2,16,0,2,asymmetric finite pad 2,5371724.6256960835,"[-0.018069581386226982, 0.0013318944986175085, 0.013360951339082841]",1.618675555833099e-11,1.9674380199546747e-11,8.824766327896538e-18
4,2,16,0,3,asymmetric finite pad 3,3873520.4182311273,"[0.009911130601847513, 0.015747549924306815, 0.01224857855394805]",6.667383703607829e-12,1.8090205793628346e-11,1.0622968402425924e-18
4,2,16,0,4,asymmetric finite pad 4,1290590.7158383937,"[0.016742054774045306, -0.01034715889187244, -0.017633557568774192]",3.821016561077026e-12,1.7556950952965334e-11,3.9557781533026204e-17
4,2,16,0,5,asymmetric finite pad 5,3599214.0180323995,"[-0.008820573465814439, -0.01984804712380171, -0.011508411980551431]",1.0217178898394239e-11,1.7794226299676822e-11,3.1608166012138045e-17
4,2,16,0,6,asymmetric finite pad 6,1258254.8629881595,"[-0.009174054814204555, 0.007228063621117035, 0.02357696613451892]",1.8346665540157764e-12,1.1328706835059515e-11,6.025131059924696e-17
4,2,16,0,7,asymmetric finite pad 7,2422273.7205669754,"[-0.020824358612965627, -0.005755711161840377, 0.002445031718262077]",1.3632625548171859e-11,3.4402422866381175e-11,2.142664401293755e-17
4,2,16,0,8,asymmetric finite pad 8,2235434.630105824,"[0.0031198877316145016, -0.016756286257838617, 0.0155777546918455]",9.452095196862303e-12,2.7420958766008245e-11,1.235990476633475e-17
4,2,16,0,9,asymmetric finite pad 9,1499422.1989929334,"[-0.010478247378713775, -0.00516992741101476, 0.023571449268721387]",3.908137121027716e-12,1.7541310385971923e-11,7.987627265348967e-17
4,2,16,0,10,asymmetric finite pad 10,1218637.1137550466,"[0.007013614841062606, -0.019574134205072997, 0.00595160163235658]",7.663594741405697e-12,3.689900151493016e-11,7.006328859705253e-18
4,2,16,0,11,asymmetric finite pad 11,3321668.603562588,"[-0.019023495626760867, 0.0027096537001969298, 0.010746863804597367]",1.2408562054618704e-11,2.357161575195766e-11,1.493475013799517e-16
4,2,16,1,0,"approach/table: frame 2, environment 0",270831.29037984845,"[0.0, 0.0, -0.03]",6.762532188847535e-13,1.8859776511705398e-11,2.2757745383136476e-19
4,2,16,1,1,"clamp: frame 108, environment 0",431184.4960309144,"[0.0, -0.022327022600230326, -0.004005703042658628]",2.157791090768379e-12,2.2017426932273446e-11,1.6514182370389877e-17
4,2,16,1,2,"lift: frame 180, environment 0",249097.64117819353,"[0.0, -0.022327022600230326, -0.004005703042658628]",1.4665189202550514e-12,2.6289279727634002e-11,7.110693702518443e-18
4,2,16,1,3,"hold: frame 323, environment 0",253805.89509329002,"[0.0, 0.022, 0.0]",1.490691334738946e-12,2.7739795796539465e-11,2.4769821778296844e-18
4,2,16,1,4,"weak/sliding: frame 420, environment 0",180389.95027477673,"[0.0, 0.022, 0.0]",7.541283951009237e-13,2.334709095652834e-11,2.4060372150116492e-18
4,2,16,1,5,"release/table: frame 556, environment 0",1610336.202625953,"[0.0, 0.0, -0.03]",3.828982968659155e-12,1.8383684133137588e-11,1.999561313461473e-18
5,2,6,0,0,asymmetric finite pad 0,4558517.087697791,"[0.01899927675783229, 0.011742198798006262, -0.005852709660483848]",4.318450472474808e-12,1.5847919234814784e-11,3.1321247826710996e-17
5,2,6,0,1,asymmetric finite pad 1,3490585.0187336765,"[0.012534406237569611, 0.018360476789588624, -0.002208343603169426]",2.964353147373405e-12,1.3146008884705806e-11,2.4318052923942666e-17
5,2,6,0,2,asymmetric finite pad 2,5591898.92142883,"[-0.017638758271037544, 0.0013240781065388108, 0.014283531256708889]",9.068049806395262e-12,2.138132004571181e-11,2.0929314725772014e-17
5,2,6,0,3,asymmetric finite pad 3,3896681.225474019,"[0.009911130601847513, 0.015747549924306815, 0.01224857855394805]",4.354283441682038e-12,2.29801487611844e-11,6.040475531737862e-18
5,2,6,0,4,asymmetric finite pad 4,1303913.2714401549,"[0.016904615008117196, -0.009603135992948411, -0.018116175065132963]",1.575079707034899e-12,1.4333451523132435e-11,7.125575962101418e-17
5,2,6,0,5,asymmetric finite pad 5,3635385.4657046515,"[-0.008820573465814439, -0.01984804712380171, -0.011508411980551431]",5.247169582913038e-12,1.804623121321447e-11,6.098731183695384e-17
5,2,6,0,6,asymmetric finite pad 6,1245933.6356264583,"[-0.009837574256979884, 0.006861688016041482, 0.023214329731227293]",9.201422141554516e-13,1.1224298427028672e-11,3.1434057646922955e-17
5,2,6,0,7,asymmetric finite pad 7,2454126.2403982626,"[-0.020824358612965627, -0.005755711161840377, 0.002445031718262077]",5.150322736581418e-12,2.5751546243535998e-11,3.4575001590921635e-17
5,2,6,0,8,asymmetric finite pad 8,2241870.990645319,"[0.002734709534186706, -0.016401023759927722, 0.016365950218836356]",3.9006079116974546e-12,2.2349505535645395e-11,1.2268263800525553e-17
5,2,6,0,9,asymmetric finite pad 9,1509668.9044097394,"[-0.010490147808933863, -0.005828183335619799, 0.023206999092564365]",1.865812314288964e-12,1.6642992370393376e-11,3.526441525988932e-17
5,2,6,0,10,asymmetric finite pad 10,1269236.5291393048,"[0.007377025640915972, -0.019145440693726475, 0.0069213573417227885]",2.9855419833524717e-12,2.8484874319378897e-11,1.5172633708919383e-17
5,2,6,0,11,asymmetric finite pad 11,3384081.9248997825,"[-0.019403968213480463, 0.00273860659612829, 0.00972872194080027]",5.124435702013119e-12,1.9240535491666784e-11,1.1559039315265975e-16
5,2,6,1,0,"approach/table: frame 2, environment 0",276189.93353672494,"[0.0, 0.0, -0.03]",3.3130521814107586e-13,1.8180776475988906e-11,6.663032790719033e-19
5,2,6,1,1,"clamp: frame 108, environment 0",432255.1877600655,"[-0.0004677759727505905, -0.022338192542388977, -0.005012328610959651]",1.1375238354280375e-12,2.299075857616219e-11,1.1471324692279037e-17
5,2,6,1,2,"lift: frame 180, environment 0",250776.89274244424,"[-0.0004677759727505905, -0.022338192542388977, -0.005012328610959651]",7.407942018537747e-13,2.6322239827438524e-11,6.401548556455231e-18
5,2,6,1,3,"hold: frame 323, environment 0",260709.1033780902,"[0.0, 0.022, 0.0]",7.351783696255923e-13,2.7039859458290543e-11,2.00189419965754e-18
5,2,6,1,4,"weak/sliding: frame 420, environment 0",188069.4202152092,"[0.0, 0.022, 0.0]",3.829209434687915e-13,2.3293432271444267e-11,2.5242016251092624e-18
5,2,6,1,5,"release/table: frame 556, environment 0",1651664.8946221042,"[0.0, 0.0, -0.03]",1.7924187261633968e-12,1.6897288063961734e-11,7.932863215817381e-19
5,2,10,0,0,asymmetric finite pad 0,4558517.942613658,"[0.01899927675783229, 0.011742198798006262, -0.005852709660483848]",4.262532831278327e-12,1.5642709433079987e-11,4.181367333348073e-17
5,2,10,0,1,asymmetric finite pad 1,3490583.8372438573,"[0.012534406237569611, 0.018360476789588624, -0.002208343603169426]",3.031808576343737e-12,1.344515555550134e-11,6.467081923617199e-17
5,2,10,0,2,asymmetric finite pad 2,5591897.581522211,"[-0.017638758271037544, 0.0013240781065388108, 0.014283531256708889]",9.265884651303724e-12,2.1847794108939823e-11,2.78352939890617e-17
5,2,10,0,3,asymmetric finite pad 3,3896680.7135242024,"[0.009911130601847513, 0.015747549924306815, 0.01224857855394805]",4.374254197814975e-12,2.3085547787072647e-11,2.546929136347871e-17
5,2,10,0,4,asymmetric finite pad 4,1303913.2449565805,"[0.016904615008117196, -0.009603135992948411, -0.018116175065132963]",1.5667137024568969e-12,1.4257319865094442e-11,4.40783856647803e-17
5,2,10,0,5,asymmetric finite pad 5,3635385.201032835,"[-0.008820573465814439, -0.01984804712380171, -0.011508411980551431]",5.312103872146351e-12,1.8269556235758508e-11,4.881944598394378e-17
5,2,10,0,6,asymmetric finite pad 6,1245933.6887385994,"[-0.009837574256979884, 0.006861688016041482, 0.023214329731227293]",9.350795412566648e-13,1.1406510057237888e-11,5.251658657675005e-17
5,2,10,0,7,asymmetric finite pad 7,2454126.2233880875,"[-0.020824358612965627, -0.005755711161840377, 0.002445031718262077]",4.9667867178511584e-12,2.4833868822957426e-11,3.0199263850994176e-17
5,2,10,0,8,asymmetric finite pad 8,2241870.9015970407,"[0.002734709534186706, -0.016401023759927722, 0.016365950218836356]",3.9110941595195516e-12,2.2409589381327715e-11,3.221088748460155e-17
5,2,10,0,9,asymmetric finite pad 9,1509668.890783055,"[-0.010490147808933863, -0.005828183335619799, 0.023206999092564365]",1.868553398138525e-12,1.6667442847251668e-11,1.2759121538265007e-16
5,2,10,0,10,asymmetric finite pad 10,1269236.513498337,"[0.007377025640915972, -0.019145440693726475, 0.0069213573417227885]",2.98090071854649e-12,2.844059220048914e-11,1.0124381827632909e-17
5,2,10,0,11,asymmetric finite pad 11,3384081.928685555,"[-0.019403968213480463, 0.00273860659612829, 0.00972872194080027]",5.195806826622177e-12,1.9508510221803142e-11,1.4638640612039802e-16
5,2,10,1,0,"approach/table: frame 2, environment 0",276189.89382998046,"[0.0, 0.0, -0.03]",3.330876584153054e-13,1.8278592464121576e-11,3.1097582836224906e-20
5,2,10,1,1,"clamp: frame 108, environment 0",432255.1850248169,"[-0.0004677759727505905, -0.022338192542388977, -0.005012328610959651]",1.163330467850758e-12,2.3512341746227534e-11,7.443127256637565e-18
5,2,10,1,2,"lift: frame 180, environment 0",250776.8971520342,"[-0.0004677759727505905, -0.022338192542388977, -0.005012328610959651]",7.233080333372928e-13,2.570091339296074e-11,4.840063942795111e-18
5,2,10,1,3,"hold: frame 323, environment 0",260709.13493694397,"[0.0, 0.022, 0.0]",7.729097508431122e-13,2.8427618422288392e-11,4.0846941045572485e-18
5,2,10,1,4,"weak/sliding: frame 420, environment 0",188069.40690792585,"[0.0, 0.022, 0.0]",3.841190159015779e-13,2.336631279632438e-11,1.788711949132629e-18
5,2,10,1,5,"release/table: frame 556, environment 0",1651664.8835245948,"[0.0, 0.0, -0.03]",1.8199460572881986e-12,1.7156790730226053e-11,4.935522879234451e-19
5,2,16,0,0,asymmetric finite pad 0,4558517.691299181,"[0.01899927675783229, 0.011742198798006262, -0.005852709660483848]",4.194940438795886e-12,1.5394658668586574e-11,1.5941533009499807e-16
5,2,16,0,1,asymmetric finite pad 1,3490584.004450235,"[0.012534406237569611, 0.018360476789588624, -0.002208343603169426]",3.0409192549978e-12,1.348555819252637e-11,2.9958528781297536e-17
5,2,16,0,2,asymmetric finite pad 2,5591897.316167661,"[-0.017638758271037544, 0.0013240781065388108, 0.014283531256708889]",9.158258625266717e-12,2.1594025928911663e-11,5.562633409186724e-17
5,2,16,0,3,asymmetric finite pad 3,3896680.4835301847,"[0.009911130601847513, 0.015747549924306815, 0.01224857855394805]",4.3696945255387215e-12,2.306148536083226e-11,5.172451200805597e-18
5,2,16,0,4,asymmetric finite pad 4,1303913.2365978535,"[0.016904615008117196, -0.009603135992948411, -0.018116175065132963]",1.588585827848662e-12,1.4456359433951835e-11,1.3627243901701583e-16
5,2,16,0,5,asymmetric finite pad 5,3635385.2444304875,"[-0.008820573465814439, -0.01984804712380171, -0.011508411980551431]",5.275834600283896e-12,1.8144817604644742e-11,7.624894110490301e-17
5,2,16,0,6,asymmetric finite pad 6,1245933.684500821,"[-0.009837574256979884, 0.006861688016041482, 0.023214329731227293]",9.290257177283872e-13,1.1332662900449211e-11,2.2886200720797145e-16
5,2,16,0,7,asymmetric finite pad 7,2454126.2227197094,"[-0.020824358612965627, -0.005755711161840377, 0.002445031718262077]",5.08606754108763e-12,2.543027137847995e-11,1.9778938311866453e-16
5,2,16,0,8,asymmetric finite pad 8,2241870.8904005224,"[0.002734709534186706, -0.016401023759927722, 0.016365950218836356]",3.979896030325478e-12,2.2803806896641726e-11,4.937765023208392e-17
5,2,16,0,9,asymmetric finite pad 9,1509668.8957517357,"[-0.010490147808933863, -0.005828183335619799, 0.023206999092564365]",1.8556133915824263e-12,1.65520183254262e-11,8.674838715405606e-17
5,2,16,0,10,asymmetric finite pad 10,1269236.521156333,"[0.007377025640915972, -0.019145440693726475, 0.0069213573417227885]",3.0111633119202374e-12,2.8729325710586405e-11,3.576224061345498e-17
5,2,16,0,11,asymmetric finite pad 11,3384081.9264916014,"[-0.019403968213480463, 0.00273860659612829, 0.00972872194080027]",5.217082046903396e-12,1.9588391561970946e-11,8.393265529401495e-17
5,2,16,1,0,"approach/table: frame 2, environment 0",276189.90282534924,"[0.0, 0.0, -0.03]",3.300685825750379e-13,1.811291644672651e-11,3.4799501042692644e-19
5,2,16,1,1,"clamp: frame 108, environment 0",432255.18820014514,"[-0.0004677759727505905, -0.022338192542388977, -0.005012328610959651]",1.0951161849373869e-12,2.2133647121913792e-11,1.5284759201548603e-17
5,2,16,1,2,"lift: frame 180, environment 0",250776.90212032746,"[-0.0004677759727505905, -0.022338192542388977, -0.005012328610959651]",7.562603403465834e-13,2.6871789755097854e-11,6.00492972616736e-18
5,2,16,1,3,"hold: frame 323, environment 0",260709.1369476188,"[0.0, 0.022, 0.0]",7.771358601883329e-13,2.8583054671847065e-11,2.4327044443961356e-18
5,2,16,1,4,"weak/sliding: frame 420, environment 0",188069.40610875163,"[0.0, 0.022, 0.0]",3.63110459750597e-13,2.2088342966364618e-11,2.151329376360388e-18
5,2,16,1,5,"release/table: frame 556, environment 0",1651664.8047307911,"[0.0, 0.0, -0.03]",1.7896110840916226e-12,1.687082102744696e-11,1.9475247429590005e-18
6,2,6,0,0,asymmetric finite pad 0,4573849.455583902,"[0.01863753935002173, 0.012306872924468583, -0.005888024331733237]",2.183242523869966e-12,1.586966342264141e-11,1.7433755170605403e-17
6,2,6,0,1,asymmetric finite pad 1,3538872.5726154475,"[0.012183862752582415, 0.018611745192588194, -0.0023973311240240627]",1.8584664996926562e-12,1.6340085951907402e-11,2.9151129928296916e-17
6,2,6,0,2,asymmetric finite pad 2,5631918.072721648,"[-0.017804038953714976, 0.000995382707868708, 0.013981435217016983]",4.88358721363412e-12,2.2829407861129433e-11,1.971251296895765e-17
6,2,6,0,3,asymmetric finite pad 3,3910269.7909730338,"[0.009735334834382879, 0.01601013213432103, 0.011937394523122676]",2.0195459036340474e-12,2.1148011155826146e-11,2.4795777165761295e-17
6,2,6,0,4,asymmetric finite pad 4,1297963.0567466049,"[0.01711083795155526, -0.009732654940600442, -0.01762590503468679]",1.053982919267404e-12,1.9133734751049423e-11,1.3841164601194275e-16
6,2,6,0,5,asymmetric finite pad 5,3628698.4524786165,"[-0.008656925336462418, -0.01981587401768401, -0.01195831046709447]",3.6371846399308386e-12,2.4932968760075184e-11,1.5853512473345908e-16
6,2,6,0,6,asymmetric finite pad 6,1245996.6027533787,"[-0.009507102566090372, 0.007046373491659509, 0.023400627396069722]",5.857558689004756e-13,1.4241616833061348e-11,5.980633034569111e-17
6,2,6,0,7,asymmetric finite pad 7,2443197.9737504674,"[-0.020824358612965627, -0.005755711161840377, 0.002445031718262077]",3.382771084350023e-12,3.374361934694793e-11,7.067933836950176e-17
6,2,6,0,8,asymmetric finite pad 8,2252467.0840808884,"[0.0031244408632930846, -0.016356670755309197, 0.01631976338903235]",2.812777248789769e-12,3.212532907472563e-11,2.8478835690620245e-17
6,2,6,0,9,asymmetric finite pad 9,1505799.7134608352,"[-0.010490147808933863, -0.005828183335619799, 0.023206999092564365]",1.4182992530625012e-12,2.5259081859289736e-11,7.37872664800005e-17
6,2,6,0,10,asymmetric finite pad 10,1264225.0561127935,"[0.007553129162869006, -0.01923112655988634, 0.00642463259107222]",1.854696529132429e-12,3.530445912940379e-11,6.237169249255074e-17
6,2,6,0,11,asymmetric finite pad 11,3374689.725456726,"[-0.01923992364904341, 0.0030742969349907465, 0.01003607781634701]",3.4184117264329926e-12,2.5589423399571145e-11,1.759953697791943e-16
6,2,6,1,0,"approach/table: frame 2, environment 0",274268.79860803083,"[0.0, 0.0, -0.03]",1.9328547331736935e-13,2.1117691672191557e-11,1.1942872185152214e-19
6,2,6,1,1,"clamp: frame 108, environment 0",434467.33626357716,"[-0.0006983014158533445, -0.022327586672569757, -0.004508206160085677]",7.352282682329932e-13,2.9640684854065444e-11,1.044733818719927e-17
6,2,6,1,2,"lift: frame 180, environment 0",251090.88389238517,"[-0.0006983014158533445, -0.022327586672569757, -0.004508206160085677]",5.050422676068435e-13,3.5802792502946865e-11,5.1583714967743095e-18
6,2,6,1,3,"hold: frame 323, environment 0",259125.71649532538,"[0.0, 0.022, 0.0]",4.880356109769274e-13,3.578121646411749e-11,1.3998998859845667e-18
6,2,6,1,4,"weak/sliding: frame 420, environment 0",186643.33561416052,"[0.0, 0.022, 0.0]",2.604611758114931e-13,3.152999747119806e-11,4.0738292449291465e-18
6,2,6,1,5,"release/table: frame 556, environment 0",1639747.4970655795,"[0.0, 0.0, -0.03]",1.0752900393750536e-12,2.0169399134284952e-11,2.220487718447125e-18
6,2,10,0,0,asymmetric finite pad 0,4573849.3940073475,"[0.01863753935002173, 0.012306872924468583, -0.005888024331733237]",2.15422685656744e-12,1.5658753087652557e-11,5.776915683787074e-17
6,2,10,0,1,asymmetric finite pad 1,3538872.582162087,"[0.012183862752582415, 0.018611745192588194, -0.0023973311240240627]",1.8439921006992387e-12,1.621282338575328e-11,3.2702672067861934e-17
6,2,10,0,2,asymmetric finite pad 2,5631917.93874669,"[-0.017804038953714976, 0.000995382707868708, 0.013981435217016983]",4.880204149328415e-12,2.2813592897951144e-11,1.113171548505605e-16
6,2,10,0,3,asymmetric finite pad 3,3910269.727053627,"[0.009735334834382879, 0.01601013213432103, 0.011937394523122676]",2.023440649075821e-12,2.1188796024051862e-11,5.0865145887531424e-17
6,2,10,0,4,asymmetric finite pad 4,1297963.0568468508,"[0.01711083795155526, -0.009732654940600442, -0.01762590503468679]",1.052983155644266e-12,1.911558529797598e-11,9.859756254909356e-17
6,2,10,0,5,asymmetric finite pad 5,3628698.479128312,"[-0.008656925336462418, -0.01981587401768401, -0.01195831046709447]",3.665276670659378e-12,2.5125540033611368e-11,9.212018680754104e-17
6,2,10,0,6,asymmetric finite pad 6,1245996.6096041535,"[-0.009507102566090372, 0.007046373491659509, 0.023400627396069722]",5.829597620215066e-13,1.4173634357835601e-11,1.1344428600149992e-17
6,2,10,0,7,asymmetric finite pad 7,2443197.976535092,"[-0.020824358612965627, -0.005755711161840377, 0.002445031718262077]",3.397461983960376e-12,3.3890163122351544e-11,1.3828504626343675e-16
6,2,10,0,8,asymmetric finite pad 8,2252467.10749693,"[0.0031244408632930846, -0.016356670755309197, 0.01631976338903235]",2.8164756250373124e-12,3.216756882467345e-11,3.397059274286322e-17
6,2,10,0,9,asymmetric finite pad 9,1505799.7125533808,"[-0.010490147808933863, -0.005828183335619799, 0.023206999092564365]",1.416640535443213e-12,2.522954107461372e-11,3.400598860937306e-17
6,2,10,0,10,asymmetric finite pad 10,1264225.0563153576,"[0.007553129162869006, -0.01923112655988634, 0.00642463259107222]",1.8581097164550153e-12,3.5369429757219476e-11,8.332543376900531e-17
6,2,10,0,11,asymmetric finite pad 11,3374689.722448336,"[-0.01923992364904341, 0.0030742969349907465, 0.01003607781634701]",3.403173889215787e-12,2.5475356551704824e-11,3.6190506114240026e-16
6,2,10,1,0,"approach/table: frame 2, environment 0",274268.8002097851,"[0.0, 0.0, -0.03]",1.9235437548321205e-13,2.101596308214377e-11,5.249434076923465e-19
6,2,10,1,1,"clamp: frame 108, environment 0",434467.3355855001,"[-0.0006983014158533445, -0.022327586672569757, -0.004508206160085677]",7.375169954384491e-13,2.973295470617633e-11,8.849234633578627e-18
6,2,10,1,2,"lift: frame 180, environment 0",251090.8839680442,"[-0.0006983014158533445, -0.022327586672569757, -0.004508206160085677]",5.061019260847064e-13,3.587791245417019e-11,1.6105098600915423e-17
6,2,10,1,3,"hold: frame 323, environment 0",259125.71289676378,"[0.0, 0.022, 0.0]",4.884867058912193e-13,3.581428937616707e-11,5.8745705188938404e-18
6,2,10,1,4,"weak/sliding: frame 420, environment 0",186643.33622200397,"[0.0, 0.022, 0.0]",2.6120598202087297e-13,3.1620159530570774e-11,1.040022231500372e-17
6,2,10,1,5,"release/table: frame 556, environment 0",1639747.4971109603,"[0.0, 0.0, -0.03]",1.0791388081875313e-12,2.0241591148347835e-11,1.0344980242139919e-17
6,2,16,0,0,asymmetric finite pad 0,4573849.355533013,"[0.01863753935002173, 0.012306872924468583, -0.005888024331733237]",2.174719431451272e-12,1.5807710672745095e-11,7.846628123571898e-17
6,2,16,0,1,asymmetric finite pad 1,3538872.5834928863,"[0.012183862752582415, 0.018611745192588194, -0.0023973311240240627]",1.862338849389897e-12,1.6374132423128233e-11,6.79679761281558e-17
6,2,16,0,2,asymmetric finite pad 2,5631917.930308337,"[-0.017804038953714976, 0.000995382707868708, 0.013981435217016983]",4.909169641070772e-12,2.2948998556487094e-11,7.15983998699412e-18
6,2,16,0,3,asymmetric finite pad 3,3910269.7434344543,"[0.009735334834382879, 0.01601013213432103, 0.011937394523122676]",2.0215442889988193e-12,2.1168937878125826e-11,4.521578037283173e-17
6,2,16,0,4,asymmetric finite pad 4,1297963.0566660413,"[0.01711083795155526, -0.009732654940600442, -0.01762590503468679]",1.0630076040733483e-12,1.9297566559581055e-11,2.3814184192687586e-16
6,2,16,0,5,asymmetric finite pad 5,3628698.474230322,"[-0.008656925336462418, -0.01981587401768401, -0.01195831046709447]",3.634488685924663e-12,2.4914487848995097e-11,1.0079325600774423e-16
6,2,16,0,6,asymmetric finite pad 6,1245996.608801636,"[-0.009507102566090372, 0.007046373491659509, 0.023400627396069722]",5.832606949879962e-13,1.4180951019507804e-11,1.4436005357075015e-16
6,2,16,0,7,asymmetric finite pad 7,2443197.975850993,"[-0.020824358612965627, -0.005755711161840377, 0.002445031718262077]",3.3931125743542253e-12,3.384677715402188e-11,7.135862560802315e-17
6,2,16,0,8,asymmetric finite pad 8,2252467.1058376553,"[0.0031244408632930846, -0.016356670755309197, 0.01631976338903235]",2.8210546056297115e-12,3.2219866349471866e-11,2.0418351655078503e-16
6,2,16,0,9,asymmetric finite pad 9,1505799.7132350458,"[-0.010490147808933863, -0.005828183335619799, 0.023206999092564365]",1.4154670530167097e-12,2.5208642027929153e-11,4.471456690195303e-16
6,2,16,0,10,asymmetric finite pad 10,1264225.055970691,"[0.007553129162869006, -0.01923112655988634, 0.00642463259107222]",1.864878085043319e-12,3.549826679275771e-11,7.372064542458735e-17
6,2,16,0,11,asymmetric finite pad 11,3374689.721674455,"[-0.01923992364904341, 0.0030742969349907465, 0.01003607781634701]",3.4083786676601604e-12,2.5514318303214497e-11,2.382893859123908e-16
6,2,16,1,0,"approach/table: frame 2, environment 0",274268.79956138105,"[0.0, 0.0, -0.03]",1.9245795464173022e-13,2.102727982260597e-11,1.908289694969945e-18
6,2,16,1,1,"clamp: frame 108, environment 0",434467.3359268982,"[-0.0006983014158533445, -0.022327586672569757, -0.004508206160085677]",7.38107545293039e-13,2.975676267461322e-11,3.6469758508681105e-17
6,2,16,1,2,"lift: frame 180, environment 0",251090.88411249427,"[-0.0006983014158533445, -0.022327586672569757, -0.004508206160085677]",5.024899394453942e-13,3.562185623108085e-11,1.8336248417847746e-17
6,2,16,1,3,"hold: frame 323, environment 0",259125.7136454793,"[0.0, 0.022, 0.0]",4.885421429921492e-13,3.581835384140839e-11,5.9396841208626105e-18
6,2,16,1,4,"weak/sliding: frame 420, environment 0",186643.3364590602,"[0.0, 0.022, 0.0]",2.6037062871520234e-13,3.151903623634986e-11,5.508846309770882e-18
6,2,16,1,5,"release/table: frame 556, environment 0",1639747.4971884873,"[0.0, 0.0, -0.03]",1.0729634193266932e-12,2.0125758323211987e-11,3.2257581165372223e-18
