environments,repeat,batch_recoveries,wall_seconds,device_seconds,recoveries_per_second,batch_recoveries_per_second,maximum_full_relative_residual,maximum_peak_relative_error,reserved_cupy_pool_bytes
1,0,368,10.439565835054964,10.4395810546875,35.250508097213654,35.250508097213654,5.433559530307229e-12,1.346573461806537e-15,194969088
1,1,368,10.447152606677264,10.4471708984375,35.22490901155153,35.22490901155153,5.433559530307229e-12,1.346573461806537e-15,194969088
1,2,368,10.451108975335956,10.4511259765625,35.21157428062992,35.21157428062992,5.433559530307229e-12,1.346573461806537e-15,194969088
8,0,208,10.416542212944478,10.4165625,159.74590857340092,19.968238571675116,7.669412895935729e-12,3.246061819066068e-14,392474112
8,1,208,10.425710177980363,10.4257294921875,159.6054342191915,19.950679277398937,7.648097994770494e-12,3.246061819066068e-14,392474112
8,2,208,10.426236002705991,10.426255859375,159.59738486335155,19.949673107918944,7.682969845683448e-12,3.246061819066068e-14,392474112
32,0,112,11.474949000868946,11.4749716796875,312.33254280507913,9.760391962658723,8.797595829108997e-12,5.152918595087983e-14,488278528
32,1,112,11.476165011059493,11.476185546875,312.29944816462,9.759357755144375,8.795095905104728e-12,5.152918595087983e-14,488278528
32,2,112,11.48002316430211,11.48004296875,312.1944920063127,9.756077875197272,8.794759569472558e-12,5.152918595087983e-14,488278528
128,0,96,10.000747689977288,10.000765625,1228.7081307245644,9.59928227128566,8.515052271212729e-12,9.446568426792625e-14,599327232
128,1,96,10.007152471225709,10.0071689453125,1227.9217325140771,9.593138535266228,8.54450006035833e-12,9.446568426792625e-14,599327232
128,2,96,10.001486593857408,10.001498046875,1228.6173544987698,9.59857308202164,8.524625239856686e-12,9.446568426792625e-14,599327232
