case,B,method,repetitions,mean_env_ms,env_recoveries_per_second,failed_fraction_nonzero,max_peak_error_percent,max_full_relative_residual
smooth_friction,1,serial_direct,2,7.345666973633591,136.13467689038757,1.0,4.1024896557196686e-11,7.006173622304271e-10
smooth_friction,1,batch_direct,2,8.523490916995335,117.32282109975142,1.0,4.1024896557196686e-11,7.006173622304271e-10
smooth_friction,1,serial_legacy,2,6.731700074222857,148.5508844681327,0.25869565217391305,0.1234501662125136,0.000998766392138697
smooth_friction,1,batch_legacy_compact,2,8.740534980491432,114.40947290205519,0.25869565217391305,0.1234501662125136,0.000998766392138697
smooth_friction,1,batch_cached_compact,2,5.361621698233954,186.5107343043965,0.25869565217391305,0.12345016439161767,0.000998766701794158
smooth_friction,8,serial_direct,2,9.772216509276621,102.33092963614905,1.0,4.6597867880234506e-11,7.006602432040404e-10
smooth_friction,8,batch_direct,2,5.861660441159322,170.60012432283088,1.0,5.642594403493617e-11,7.007083810056914e-10
smooth_friction,8,serial_legacy,2,7.927406030515005,126.14466777035197,0.29592391304347826,0.12345014544625484,0.0009995688904710126
smooth_friction,8,batch_legacy_dense,2,8.910363277585652,112.22886978306897,0.29592391304347826,0.12345016043407049,0.000999568899273942
smooth_friction,8,batch_legacy_compact,2,5.7730986508793825,173.2172028357208,0.29592391304347826,0.12345018178548908,0.000999568896820173
smooth_friction,8,batch_cached_compact,2,4.50991749340679,221.73354644778667,0.29592391304347826,0.12345020754796333,0.0009995688968737174
smooth_friction,32,serial_direct,2,8.399165927730268,119.05944097359118,1.0,4.769564956282082e-11,7.00684769297288e-10
smooth_friction,32,batch_direct,2,5.306945822509568,188.43229862239602,1.0,4.959833944993286e-11,7.006813737952158e-10
smooth_friction,32,serial_legacy,2,6.611312110477163,151.2559055282335,0.2293370944992948,0.11012157221814503,0.0009989330561448542
smooth_friction,32,batch_legacy_dense,2,7.162964889284029,139.60699451368586,0.2293370944992948,0.11012155829944023,0.0009989330786337324
smooth_friction,32,batch_legacy_compact,2,3.597394983641977,277.97892768161006,0.2293370944992948,0.11012162480305639,0.0009989330652398424
smooth_friction,32,batch_cached_compact,2,3.014272985107591,331.7549554869882,0.2293370944992948,0.11012156088785165,0.0009989330861044116
abrupt_friction,8,batch_direct,1,9.83831028906934,101.64347033362326,1.0,3.4646046464949275e-11,4.221952938718454e-11
abrupt_friction,8,batch_legacy_dense,1,12.778641781228117,78.25557810603976,1.0,9.740277813845387e-10,5.517478182177369e-11
abrupt_friction,8,batch_legacy_compact,1,13.650229050782059,73.25884395637355,1.0,9.740277813845387e-10,5.517478182177369e-11
abrupt_friction,8,batch_cached_compact,1,11.494231714845426,87.00016015062977,1.0,9.022685141546299e-10,4.203591205566624e-11
strict_residual,8,batch_direct,1,5.682384843757049,175.9824488302037,1.0,3.561423262355614e-11,7.006020533923269e-10
strict_residual,8,batch_legacy_dense,1,18.8364904218723,53.088445756266445,0.8948717948717949,3.355369904327095e-05,9.704211067646967e-07
strict_residual,8,batch_legacy_compact,1,12.800686886720314,78.12080780113604,0.8948717948717949,3.3543213559054515e-05,9.704211067646967e-07
strict_residual,8,batch_cached_compact,1,11.68076684765218,85.61081759807566,0.8948717948717949,3.3552820195341535e-05,9.70401548624211e-07
