repeat,environments,scatter,grid_width_m,sampled_frames,mapping_mean_ms,mapping_p95_ms,mapping_max_ms,diagnostic_wall_seconds,force_error_max_n,moment_error_max_nm,sampled_device_memory_peak_bytes,device_memory_sample_count,device_memory_sample_interval_s,device_memory_accounting
0,8,atomic,0.003,20,35.3801141474396,46.48549880981445,47.302528381347656,13.258508273866028,1.9914625504213745e-15,6.454391058077769e-17,1579352064,133,0.1,"CUDA device-wide used memory; sampled, includes native/context allocations"
1,8,atomic,0.003,20,35.369883220642805,46.46160316467285,47.290367126464844,13.186354391276836,1.9914625504213745e-15,6.454391058077769e-17,1579352064,132,0.1,"CUDA device-wide used memory; sampled, includes native/context allocations"
2,8,atomic,0.003,20,35.37517147213221,46.49622421264648,47.28416061401367,13.18791751516983,2.1024848528838902e-15,6.454391058077769e-17,1579352064,132,0.1,"CUDA device-wide used memory; sampled, includes native/context allocations"
0,8,warp,0.003,20,41.10048431120813,54.17860221862793,54.798336029052734,13.30269678402692,1.805847138491856e-15,7.12049776779855e-17,1430454272,133,0.1,"CUDA device-wide used memory; sampled, includes native/context allocations"
1,8,warp,0.003,20,41.13463561087847,54.17674865722656,54.78192138671875,13.306057895999402,1.805847138491856e-15,7.125918778660978e-17,1430454272,133,0.1,"CUDA device-wide used memory; sampled, includes native/context allocations"
2,8,warp,0.003,20,41.13586048409343,54.14522743225098,54.81062316894531,13.31479625403881,1.805847138491856e-15,7.125918778660978e-17,1430454272,133,0.1,"CUDA device-wide used memory; sampled, includes native/context allocations"
0,8,atomic,0.006,20,43.77292025536299,55.25736503601074,55.34105682373047,13.355409981682897,1.880440247958859e-15,7.117448449188435e-17,1430454272,134,0.1,"CUDA device-wide used memory; sampled, includes native/context allocations"
1,8,atomic,0.006,20,43.75458224788308,55.230004692077635,55.31852722167969,13.350383745972067,1.880440247958859e-15,7.117448449188435e-17,1430454272,134,0.1,"CUDA device-wide used memory; sampled, includes native/context allocations"
2,8,atomic,0.006,20,43.74764295965433,55.25004062652588,55.4475212097168,13.348978251218796,1.880440247958859e-15,7.117448449188435e-17,1430454272,133,0.1,"CUDA device-wide used memory; sampled, includes native/context allocations"
0,8,warp,0.006,20,53.03570365868509,67.00424270629883,67.19487762451172,13.542957248631865,1.753805434212552e-15,7.511826989430037e-17,1430454272,136,0.1,"CUDA device-wide used memory; sampled, includes native/context allocations"
1,8,warp,0.006,20,53.04046854451299,67.0397850036621,67.20716857910156,13.542412131093442,1.753805434212552e-15,7.511826989430037e-17,1430454272,136,0.1,"CUDA device-wide used memory; sampled, includes native/context allocations"
2,8,warp,0.006,20,53.025627091526985,66.98656387329102,67.14774322509766,13.54319167835638,1.753805434212552e-15,7.511826989430037e-17,1430454272,136,0.1,"CUDA device-wide used memory; sampled, includes native/context allocations"
0,32,atomic,0.003,20,47.79690568894148,56.52911586761475,58.57923126220703,13.431884596124291,3.608224830031759e-15,6.042055419354375e-17,2600665088,135,0.1,"CUDA device-wide used memory; sampled, includes native/context allocations"
1,32,atomic,0.003,20,47.79351040422917,56.56280345916748,58.470497131347656,13.432145615108311,3.649858193455202e-15,6.421526179724302e-17,2600665088,135,0.1,"CUDA device-wide used memory; sampled, includes native/context allocations"
2,32,atomic,0.003,20,47.79312020689249,56.61516761779785,58.468353271484375,13.432208313141018,3.913536161803677e-15,6.421526179724302e-17,2600665088,135,0.1,"CUDA device-wide used memory; sampled, includes native/context allocations"
0,32,warp,0.003,20,54.977003146708014,63.49697608947754,65.97731018066406,13.57225161511451,3.6637359812630166e-15,7.472863473856339e-17,2405629952,136,0.1,"CUDA device-wide used memory; sampled, includes native/context allocations"
1,32,warp,0.003,20,54.95272790789604,63.51205558776856,66.03145599365234,13.56970187695697,3.6637359812630166e-15,7.472863473856339e-17,2405629952,136,0.1,"CUDA device-wide used memory; sampled, includes native/context allocations"
2,32,warp,0.003,20,55.000131687521936,63.50796318054199,66.02861022949219,13.576141185127199,3.6637359812630166e-15,7.472863473856339e-17,2405629952,136,0.1,"CUDA device-wide used memory; sampled, includes native/context allocations"
0,32,atomic,0.006,20,57.59331833720207,67.83591804504395,73.51734161376953,13.628716407343745,3.6914915568786455e-15,6.915176981384108e-17,2405629952,137,0.1,"CUDA device-wide used memory; sampled, includes native/context allocations"
1,32,atomic,0.006,20,57.5704912096262,67.79029273986816,73.53865814208984,13.62697018822655,3.899658373995862e-15,6.915176981384108e-17,2405629952,137,0.1,"CUDA device-wide used memory; sampled, includes native/context allocations"
2,32,atomic,0.006,20,57.60619362294674,67.84311752319337,73.54463958740234,13.629134957212955,3.899658373995862e-15,6.99818621021503e-17,2405629952,136,0.1,"CUDA device-wide used memory; sampled, includes native/context allocations"
0,32,warp,0.006,20,68.96217616200447,81.51939277648927,87.39091491699219,13.857260861899704,3.649858193455202e-15,7.164882294234676e-17,2405629952,137,0.1,"CUDA device-wide used memory; sampled, includes native/context allocations"
1,32,warp,0.006,20,68.96560803949833,81.47313346862794,87.41897583007812,13.85925184097141,3.649858193455202e-15,7.164882294234676e-17,2405629952,139,0.1,"CUDA device-wide used memory; sampled, includes native/context allocations"
2,32,warp,0.006,20,68.94265474379063,81.49832954406739,87.35625457763672,13.854294667951763,3.649858193455202e-15,7.511826989430037e-17,2405629952,138,0.1,"CUDA device-wide used memory; sampled, includes native/context allocations"
0,128,atomic,0.003,20,84.55343208312988,93.92680015563965,100.43580627441406,14.169898749794811,3.816391647148976e-15,7.312943653414727e-17,6811746304,142,0.1,"CUDA device-wide used memory; sampled, includes native/context allocations"
1,128,atomic,0.003,20,83.13555297851562,93.8766960144043,94.18057250976562,14.14051275094971,3.885780586188048e-15,7.312943653414727e-17,6811746304,141,0.1,"CUDA device-wide used memory; sampled, includes native/context allocations"
2,128,atomic,0.003,20,86.137255859375,98.38199348449707,99.29837036132812,14.199169943109155,3.885780586188048e-15,7.730361489821647e-17,6811746304,142,0.1,"CUDA device-wide used memory; sampled, includes native/context allocations"
0,128,warp,0.003,20,95.84132232666016,108.16148834228515,109.0294418334961,14.392064217012376,3.677613769070831e-15,7.979727989493313e-17,6180503552,144,0.1,"CUDA device-wide used memory; sampled, includes native/context allocations"
1,128,warp,0.003,20,96.5800235748291,108.16732826232911,109.61068725585938,14.408747772220522,3.788636071533347e-15,7.979727989493313e-17,6180503552,144,0.1,"CUDA device-wide used memory; sampled, includes native/context allocations"
2,128,warp,0.003,20,94.95425872802734,111.37144737243652,112.93081665039062,14.376499847974628,3.788636071533347e-15,7.979727989493313e-17,6180503552,144,0.1,"CUDA device-wide used memory; sampled, includes native/context allocations"
0,128,atomic,0.006,20,97.42431869506837,106.57880783081055,112.0038070678711,14.42390837194398,3.70536934468646e-15,7.491837011874836e-17,6180503552,144,0.1,"CUDA device-wide used memory; sampled, includes native/context allocations"
1,128,atomic,0.006,20,101.34635620117187,110.57311515808105,111.2850570678711,14.505066838115454,3.941291737419306e-15,8.44593492366208e-17,6180503552,145,0.1,"CUDA device-wide used memory; sampled, includes native/context allocations"
2,128,atomic,0.006,20,103.01940650939942,112.74483947753906,116.74505615234375,14.537518643774092,3.941291737419306e-15,8.44593492366208e-17,6180503552,146,0.1,"CUDA device-wide used memory; sampled, includes native/context allocations"
0,128,warp,0.006,20,120.88895835876465,136.3173370361328,141.4784393310547,14.893721336033195,3.316791286067655e-15,8.391724815037804e-17,6180503552,149,0.1,"CUDA device-wide used memory; sampled, includes native/context allocations"
1,128,warp,0.006,20,124.76450729370117,138.48793258666993,148.52896118164062,14.971180672291666,3.5388358909926865e-15,8.391724815037804e-17,6180503552,150,0.1,"CUDA device-wide used memory; sampled, includes native/context allocations"
2,128,warp,0.006,20,124.00984992980958,146.3055404663086,151.92236328125,14.955681214109063,3.5388358909926865e-15,8.391724815037804e-17,6180503552,150,0.1,"CUDA device-wide used memory; sampled, includes native/context allocations"
