timestamp, index, memory.used [MiB], utilization.gpu [%]
2026/10/10 06:41:30.221, 0, 3541, 84
2026/10/10 06:41:30.424, 0, 3541, 83
2026/10/10 06:41:30.624, 0, 3541, 83
2026/10/10 06:41:30.824, 0, 3541, 83
2026/10/10 06:41:31.024, 0, 3541, 84
2026/10/10 06:41:31.224, 0, 3541, 84
2026/10/10 06:41:31.424, 0, 3541, 83
2026/10/10 06:41:31.624, 0, 3541, 86
2026/10/10 06:41:31.824, 0, 3541, 84
2026/10/10 06:41:32.025, 0, 3541, 84
2026/10/10 06:41:32.225, 0, 3541, 84
2026/10/10 06:41:32.425, 0, 3541, 84
2026/10/10 06:41:32.625, 0, 3541, 86
2026/10/10 06:41:32.825, 0, 3541, 84
2026/10/10 06:41:33.025, 0, 3541, 84
2026/10/10 06:41:33.225, 0, 3541, 85
2026/10/10 06:41:33.425, 0, 3541, 84
2026/10/10 06:41:33.625, 0, 3541, 84
2026/10/10 06:41:33.825, 0, 3541, 85
2026/10/10 06:41:34.026, 0, 3541, 82
2026/10/10 06:41:34.226, 0, 3541, 84
2026/10/10 06:41:34.426, 0, 3541, 85
2026/10/10 06:41:34.626, 0, 3541, 85
2026/10/10 06:41:34.826, 0, 3541, 84
2026/10/10 06:41:35.026, 0, 3541, 87
2026/10/10 06:41:35.226, 0, 3541, 92
2026/10/10 06:41:35.426, 0, 3541, 91
2026/10/10 06:41:35.626, 0, 3541, 92
2026/10/10 06:41:35.827, 0, 3541, 91
2026/10/10 06:41:36.027, 0, 3541, 93
2026/10/10 06:41:36.227, 0, 3541, 91
2026/10/10 06:41:36.427, 0, 3541, 92
2026/10/10 06:41:36.627, 0, 3541, 93
2026/10/10 06:41:36.827, 0, 3541, 94
2026/10/10 06:41:37.027, 0, 3541, 95
2026/10/10 06:41:37.227, 0, 3541, 96
2026/10/10 06:41:37.427, 0, 3541, 95
2026/10/10 06:41:37.627, 0, 3541, 95
2026/10/10 06:41:37.828, 0, 3541, 95
2026/10/10 06:41:38.028, 0, 3541, 95
2026/10/10 06:41:38.229, 0, 3541, 95
2026/10/10 06:41:38.429, 0, 3541, 95
2026/10/10 06:41:38.629, 0, 3541, 95
2026/10/10 06:41:38.829, 0, 3541, 95
2026/10/10 06:41:39.029, 0, 3541, 95
2026/10/10 06:41:39.229, 0, 3541, 96
2026/10/10 06:41:39.429, 0, 3541, 95
2026/10/10 06:41:39.629, 0, 3541, 96
2026/10/10 06:41:39.829, 0, 3541, 95
2026/10/10 06:41:40.029, 0, 3541, 95
2026/10/10 06:41:40.230, 0, 3541, 95
2026/10/10 06:41:40.430, 0, 3541, 96
2026/10/10 06:41:40.630, 0, 3541, 95
2026/10/10 06:41:40.830, 0, 3541, 95
2026/10/10 06:41:41.030, 0, 3541, 95
2026/10/10 06:41:41.230, 0, 3541, 95
2026/10/10 06:41:41.430, 0, 3541, 95
2026/10/10 06:41:41.630, 0, 3541, 96
2026/10/10 06:41:41.830, 0, 3541, 95
2026/10/10 06:41:42.030, 0, 3541, 96
2026/10/10 06:41:42.231, 0, 3541, 95
2026/10/10 06:41:42.431, 0, 3541, 95
2026/10/10 06:41:42.631, 0, 3541, 95
2026/10/10 06:41:42.831, 0, 3541, 95
2026/10/10 06:41:43.031, 0, 3541, 96
2026/10/10 06:41:43.231, 0, 3541, 96
2026/10/10 06:41:43.431, 0, 3541, 95
2026/10/10 06:41:43.631, 0, 3541, 96
2026/10/10 06:41:43.831, 0, 3541, 95
2026/10/10 06:41:44.031, 0, 3541, 96
2026/10/10 06:41:44.232, 0, 3541, 95
2026/10/10 06:41:44.432, 0, 3541, 95
2026/10/10 06:41:44.632, 0, 3541, 96
2026/10/10 06:41:44.832, 0, 3541, 95
2026/10/10 06:41:45.032, 0, 3541, 95
2026/10/10 06:41:45.232, 0, 3541, 96
2026/10/10 06:41:45.432, 0, 3541, 95
2026/10/10 06:41:45.632, 0, 3541, 95
2026/10/10 06:41:45.832, 0, 3541, 96
2026/10/10 06:41:46.033, 0, 3541, 95
2026/10/10 06:41:46.233, 0, 3541, 96
2026/10/10 06:41:46.433, 0, 3541, 96
2026/10/10 06:41:46.633, 0, 3541, 95
2026/10/10 06:41:46.833, 0, 3541, 95
2026/10/10 06:41:47.033, 0, 3541, 96
2026/10/10 06:41:47.233, 0, 3541, 96
2026/10/10 06:41:47.433, 0, 3541, 96
2026/10/10 06:41:47.633, 0, 3541, 95
2026/10/10 06:41:47.833, 0, 3541, 95
2026/10/10 06:41:48.034, 0, 3541, 95
2026/10/10 06:41:48.234, 0, 3541, 95
2026/10/10 06:41:48.434, 0, 3541, 96
2026/10/10 06:41:48.634, 0, 3541, 96
2026/10/10 06:41:48.834, 0, 3541, 95
2026/10/10 06:41:49.034, 0, 3541, 96
2026/10/10 06:41:49.234, 0, 3541, 96
2026/10/10 06:41:49.434, 0, 3541, 95
2026/10/10 06:41:49.634, 0, 3541, 96
2026/10/10 06:41:49.835, 0, 3541, 96
2026/10/10 06:41:50.035, 0, 3541, 87
2026/10/10 06:41:50.235, 0, 3541, 89
2026/10/10 06:41:50.435, 0, 3541, 84
2026/10/10 06:41:50.638, 0, 3541, 84
2026/10/10 06:41:50.839, 0, 3541, 87
2026/10/10 06:41:51.039, 0, 3541, 83
2026/10/10 06:41:51.239, 0, 3541, 83
2026/10/10 06:41:51.439, 0, 3541, 87
2026/10/10 06:41:51.639, 0, 3541, 84
2026/10/10 06:41:51.839, 0, 3541, 83
2026/10/10 06:41:52.039, 0, 3541, 87
2026/10/10 06:41:52.239, 0, 3541, 83
2026/10/10 06:41:52.439, 0, 3541, 82
2026/10/10 06:41:52.640, 0, 3541, 78
2026/10/10 06:41:52.840, 0, 3541, 83
2026/10/10 06:41:53.040, 0, 3541, 77
2026/10/10 06:41:53.240, 0, 3541, 80
2026/10/10 06:41:53.440, 0, 3541, 83
2026/10/10 06:41:53.641, 0, 3541, 77
2026/10/10 06:41:53.841, 0, 3541, 84
2026/10/10 06:41:54.041, 0, 3541, 84
2026/10/10 06:41:54.241, 0, 3541, 87
2026/10/10 06:41:54.441, 0, 3541, 84
2026/10/10 06:41:54.641, 0, 3541, 83
2026/10/10 06:41:54.842, 0, 3541, 81
2026/10/10 06:41:55.042, 0, 3541, 88
2026/10/10 06:41:55.242, 0, 3541, 82
2026/10/10 06:41:55.442, 0, 3541, 88
2026/10/10 06:41:55.642, 0, 3541, 89
2026/10/10 06:41:55.842, 0, 3541, 82
2026/10/10 06:41:56.043, 0, 3541, 84
2026/10/10 06:41:56.243, 0, 3541, 79
2026/10/10 06:41:56.443, 0, 3541, 87
2026/10/10 06:41:56.643, 0, 3541, 83
2026/10/10 06:41:56.843, 0, 3541, 78
2026/10/10 06:41:57.044, 0, 3541, 84
2026/10/10 06:41:57.244, 0, 3541, 81
2026/10/10 06:41:57.444, 0, 3541, 81
2026/10/10 06:41:57.644, 0, 3541, 86
2026/10/10 06:41:57.844, 0, 3541, 80
2026/10/10 06:41:58.044, 0, 3541, 86
2026/10/10 06:41:58.244, 0, 3541, 86
2026/10/10 06:41:58.445, 0, 3541, 86
2026/10/10 06:41:58.645, 0, 3541, 84
2026/10/10 06:41:58.845, 0, 3541, 84
2026/10/10 06:41:59.045, 0, 3541, 84
2026/10/10 06:41:59.245, 0, 3541, 83
2026/10/10 06:41:59.445, 0, 3541, 84
2026/10/10 06:41:59.646, 0, 3541, 82
2026/10/10 06:41:59.846, 0, 3541, 79
2026/10/10 06:42:00.046, 0, 3541, 84
2026/10/10 06:42:00.247, 0, 3541, 85
2026/10/10 06:42:00.447, 0, 3541, 84
2026/10/10 06:42:00.647, 0, 3541, 84
2026/10/10 06:42:00.847, 0, 3541, 86
2026/10/10 06:42:01.047, 0, 3541, 84
2026/10/10 06:42:01.247, 0, 3541, 83
2026/10/10 06:42:01.447, 0, 3541, 84
2026/10/10 06:42:01.647, 0, 3541, 89
2026/10/10 06:42:01.847, 0, 3541, 84
2026/10/10 06:42:02.047, 0, 3541, 83
2026/10/10 06:42:02.248, 0, 3541, 82
2026/10/10 06:42:02.448, 0, 3541, 79
2026/10/10 06:42:02.648, 0, 3541, 79
2026/10/10 06:42:02.848, 0, 3541, 79
2026/10/10 06:42:03.048, 0, 3541, 85
2026/10/10 06:42:03.249, 0, 3541, 81
2026/10/10 06:42:03.449, 0, 3541, 81
2026/10/10 06:42:03.649, 0, 3541, 79
2026/10/10 06:42:03.849, 0, 3541, 84
2026/10/10 06:42:04.049, 0, 3541, 87
2026/10/10 06:42:04.249, 0, 3541, 79
2026/10/10 06:42:04.449, 0, 3541, 82
2026/10/10 06:42:04.650, 0, 3541, 83
2026/10/10 06:42:04.850, 0, 3541, 84
2026/10/10 06:42:05.050, 0, 3541, 86
2026/10/10 06:42:05.250, 0, 3541, 83
2026/10/10 06:42:05.450, 0, 3541, 83
2026/10/10 06:42:05.650, 0, 3541, 78
2026/10/10 06:42:05.851, 0, 3541, 83
2026/10/10 06:42:06.051, 0, 3541, 84
2026/10/10 06:42:06.251, 0, 3541, 85
2026/10/10 06:42:06.451, 0, 3541, 83
2026/10/10 06:42:06.651, 0, 3541, 84
2026/10/10 06:42:06.851, 0, 3541, 85
2026/10/10 06:42:07.051, 0, 3541, 85
2026/10/10 06:42:07.251, 0, 3541, 84
2026/10/10 06:42:07.451, 0, 3541, 83
2026/10/10 06:42:07.652, 0, 3541, 83
2026/10/10 06:42:07.852, 0, 3541, 84
2026/10/10 06:42:08.052, 0, 3541, 86
2026/10/10 06:42:08.252, 0, 3541, 83
2026/10/10 06:42:08.452, 0, 3541, 79
2026/10/10 06:42:08.652, 0, 3541, 86
2026/10/10 06:42:08.852, 0, 3541, 83
2026/10/10 06:42:09.052, 0, 3541, 79
2026/10/10 06:42:09.253, 0, 3541, 85
2026/10/10 06:42:09.453, 0, 3541, 83
2026/10/10 06:42:09.653, 0, 3541, 85
2026/10/10 06:42:09.853, 0, 3541, 83
2026/10/10 06:42:10.053, 0, 3541, 83
2026/10/10 06:42:10.253, 0, 3541, 87
2026/10/10 06:42:10.453, 0, 3541, 79
2026/10/10 06:42:10.654, 0, 3541, 80
2026/10/10 06:42:10.854, 0, 3541, 79
2026/10/10 06:42:11.054, 0, 3541, 89
2026/10/10 06:42:11.254, 0, 3541, 83
2026/10/10 06:42:11.454, 0, 3541, 87
2026/10/10 06:42:11.654, 0, 3541, 80
2026/10/10 06:42:11.854, 0, 3541, 0
2026/10/10 06:42:12.054, 0, 3541, 0
2026/10/10 06:42:12.255, 0, 3541, 0
2026/10/10 06:42:12.455, 0, 3541, 0
2026/10/10 06:42:12.655, 0, 3541, 0
2026/10/10 06:42:12.855, 0, 1619, 0
2026/10/10 06:42:13.055, 0, 1619, 8
2026/10/10 06:42:13.255, 0, 1619, 0
2026/10/10 06:42:13.455, 0, 1619, 0
2026/10/10 06:42:13.655, 0, 1601, 0
2026/10/10 06:42:13.856, 0, 1601, 0
2026/10/10 06:42:14.056, 0, 0, 0
2026/10/10 06:42:14.256, 0, 0, 0
2026/10/10 06:42:14.456, 0, 0, 0
2026/10/10 06:42:14.656, 0, 0, 0
2026/10/10 06:42:14.856, 0, 0, 0
2026/10/10 06:42:15.056, 0, 0, 0
2026/10/10 06:42:15.257, 0, 0, 0
2026/10/10 06:42:15.457, 0, 0, 0
2026/10/10 06:42:15.657, 0, 0, 0
2026/10/10 06:42:15.857, 0, 0, 0
2026/10/10 06:42:16.057, 0, 0, 0
2026/10/10 06:42:16.257, 0, 0, 0
2026/10/10 06:42:16.457, 0, 0, 0
2026/10/10 06:42:16.658, 0, 0, 0
2026/10/10 06:42:16.858, 0, 0, 0
2026/10/10 06:42:17.058, 0, 0, 0
2026/10/10 06:42:17.258, 0, 0, 0
2026/10/10 06:42:17.458, 0, 0, 0
2026/10/10 06:42:17.658, 0, 0, 0
2026/10/10 06:42:17.858, 0, 0, 0
2026/10/10 06:42:18.058, 0, 0, 0
2026/10/10 06:42:18.258, 0, 0, 0
2026/10/10 06:42:18.458, 0, 0, 0
2026/10/10 06:42:18.659, 0, 0, 0
2026/10/10 06:42:18.859, 0, 0, 0
2026/10/10 06:42:19.059, 0, 0, 0
2026/10/10 06:42:19.259, 0, 0, 0
2026/10/10 06:42:19.459, 0, 0, 0
2026/10/10 06:42:19.659, 0, 0, 0
2026/10/10 06:42:19.859, 0, 0, 0
2026/10/10 06:42:20.059, 0, 0, 0
2026/10/10 06:42:20.259, 0, 0, 0
2026/10/10 06:42:20.459, 0, 0, 0
2026/10/10 06:42:20.669, 0, 0, 0
2026/10/10 06:42:20.869, 0, 0, 0
2026/10/10 06:42:21.069, 0, 0, 0
2026/10/10 06:42:21.269, 0, 0, 0
2026/10/10 06:42:21.469, 0, 0, 0
2026/10/10 06:42:21.670, 0, 0, 0
2026/10/10 06:42:21.870, 0, 0, 0
2026/10/10 06:42:22.070, 0, 0, 0
2026/10/10 06:42:22.270, 0, 0, 0
2026/10/10 06:42:22.470, 0, 0, 0
2026/10/10 06:42:22.670, 0, 0, 0
2026/10/10 06:42:22.870, 0, 1, 0
2026/10/10 06:42:23.071, 0, 559, 0
2026/10/10 06:42:23.271, 0, 863, 1
2026/10/10 06:42:23.471, 0, 863, 0
2026/10/10 06:42:23.671, 0, 863, 0
2026/10/10 06:42:23.871, 0, 865, 0
2026/10/10 06:42:24.072, 0, 865, 0
2026/10/10 06:42:24.272, 0, 865, 0
2026/10/10 06:42:24.472, 0, 897, 0
2026/10/10 06:42:24.672, 0, 961, 0
2026/10/10 06:42:24.872, 0, 1013, 1
2026/10/10 06:42:25.072, 0, 1045, 1
2026/10/10 06:42:25.273, 0, 1045, 1
2026/10/10 06:42:25.473, 0, 1045, 0
2026/10/10 06:42:25.674, 0, 1045, 0
2026/10/10 06:42:25.874, 0, 1045, 0
2026/10/10 06:42:26.074, 0, 1045, 0
2026/10/10 06:42:26.275, 0, 1045, 0
2026/10/10 06:42:26.475, 0, 1045, 0
2026/10/10 06:42:26.675, 0, 2027, 0
2026/10/10 06:42:26.875, 0, 2873, 1
2026/10/10 06:42:27.075, 0, 2873, 3
2026/10/10 06:42:27.276, 0, 2873, 0
2026/10/10 06:42:27.476, 0, 2873, 15
2026/10/10 06:42:27.676, 0, 2873, 0
2026/10/10 06:42:27.876, 0, 2873, 1
2026/10/10 06:42:28.076, 0, 2873, 61
2026/10/10 06:42:28.276, 0, 2873, 100
2026/10/10 06:42:28.476, 0, 2873, 100
2026/10/10 06:42:28.676, 0, 2873, 100
2026/10/10 06:42:28.877, 0, 2873, 100
2026/10/10 06:42:29.077, 0, 2873, 100
2026/10/10 06:42:29.277, 0, 2873, 100
2026/10/10 06:42:29.477, 0, 2873, 100
2026/10/10 06:42:29.677, 0, 2873, 100
2026/10/10 06:42:29.877, 0, 2873, 100
2026/10/10 06:42:30.077, 0, 2873, 100
2026/10/10 06:42:30.277, 0, 2873, 100
2026/10/10 06:42:30.477, 0, 2873, 100
2026/10/10 06:42:30.677, 0, 2873, 100
2026/10/10 06:42:30.877, 0, 2873, 100
2026/10/10 06:42:31.078, 0, 2873, 100
2026/10/10 06:42:31.278, 0, 2873, 100
2026/10/10 06:42:31.478, 0, 2873, 100
2026/10/10 06:42:31.678, 0, 2873, 100
2026/10/10 06:42:31.878, 0, 2873, 100
2026/10/10 06:42:32.079, 0, 2873, 100
2026/10/10 06:42:32.279, 0, 2873, 100
2026/10/10 06:42:32.479, 0, 2873, 100
2026/10/10 06:42:32.679, 0, 2873, 100
2026/10/10 06:42:32.879, 0, 2873, 100
2026/10/10 06:42:33.079, 0, 2873, 100
2026/10/10 06:42:33.279, 0, 2873, 100
2026/10/10 06:42:33.479, 0, 2873, 100
2026/10/10 06:42:33.679, 0, 2873, 100
2026/10/10 06:42:33.879, 0, 2873, 100
2026/10/10 06:42:34.080, 0, 2873, 100
2026/10/10 06:42:34.280, 0, 2873, 100
2026/10/10 06:42:34.480, 0, 2873, 100
2026/10/10 06:42:34.680, 0, 2873, 100
2026/10/10 06:42:34.880, 0, 2873, 100
2026/10/10 06:42:35.080, 0, 2873, 100
2026/10/10 06:42:35.280, 0, 2873, 100
2026/10/10 06:42:35.480, 0, 2873, 100
2026/10/10 06:42:35.680, 0, 2873, 100
2026/10/10 06:42:35.880, 0, 2873, 100
2026/10/10 06:42:36.081, 0, 2873, 100
2026/10/10 06:42:36.281, 0, 2873, 100
2026/10/10 06:42:36.481, 0, 2873, 100
2026/10/10 06:42:36.681, 0, 2873, 100
2026/10/10 06:42:36.881, 0, 2873, 100
2026/10/10 06:42:37.081, 0, 2873, 100
2026/10/10 06:42:37.281, 0, 2873, 100
2026/10/10 06:42:37.481, 0, 2873, 100
2026/10/10 06:42:37.681, 0, 2873, 100
2026/10/10 06:42:37.881, 0, 2873, 100
2026/10/10 06:42:38.081, 0, 2873, 100
2026/10/10 06:42:38.282, 0, 2873, 100
2026/10/10 06:42:38.482, 0, 2873, 100
2026/10/10 06:42:38.682, 0, 2873, 100
2026/10/10 06:42:38.882, 0, 2873, 100
2026/10/10 06:42:39.082, 0, 2873, 100
2026/10/10 06:42:39.282, 0, 2873, 100
2026/10/10 06:42:39.482, 0, 2873, 100
2026/10/10 06:42:39.682, 0, 2873, 100
2026/10/10 06:42:39.882, 0, 2873, 100
2026/10/10 06:42:40.082, 0, 2873, 100
2026/10/10 06:42:40.283, 0, 2873, 100
2026/10/10 06:42:40.484, 0, 2873, 100
2026/10/10 06:42:40.684, 0, 2873, 100
2026/10/10 06:42:40.885, 0, 2873, 100
2026/10/10 06:42:41.085, 0, 2873, 100
2026/10/10 06:42:41.285, 0, 3097, 100
2026/10/10 06:42:41.485, 0, 3097, 20
2026/10/10 06:42:41.685, 0, 3129, 0
2026/10/10 06:42:41.885, 0, 3133, 0
2026/10/10 06:42:42.086, 0, 3133, 0
2026/10/10 06:42:42.286, 0, 3133, 0
2026/10/10 06:42:42.486, 0, 3133, 0
2026/10/10 06:42:42.686, 0, 3453, 0
2026/10/10 06:42:42.886, 0, 3453, 0
2026/10/10 06:42:43.087, 0, 3455, 0
2026/10/10 06:42:43.287, 0, 3455, 0
2026/10/10 06:42:43.487, 0, 3455, 0
2026/10/10 06:42:43.687, 0, 3457, 0
2026/10/10 06:42:43.887, 0, 3457, 0
2026/10/10 06:42:44.087, 0, 3457, 0
2026/10/10 06:42:44.288, 0, 3457, 1
2026/10/10 06:42:44.488, 0, 3475, 0
2026/10/10 06:42:44.688, 0, 3549, 2
2026/10/10 06:42:44.888, 0, 3551, 3
2026/10/10 06:42:45.088, 0, 3551, 0
2026/10/10 06:42:45.289, 0, 3551, 86
2026/10/10 06:42:45.489, 0, 3551, 91
2026/10/10 06:42:45.689, 0, 3551, 91
2026/10/10 06:42:45.889, 0, 3551, 89
2026/10/10 06:42:46.089, 0, 3551, 90
2026/10/10 06:42:46.290, 0, 3551, 83
2026/10/10 06:42:46.490, 0, 3551, 67
2026/10/10 06:42:46.690, 0, 3551, 65
2026/10/10 06:42:46.890, 0, 3551, 65
2026/10/10 06:42:47.090, 0, 3551, 65
2026/10/10 06:42:47.290, 0, 3551, 67
2026/10/10 06:42:47.491, 0, 3551, 93
2026/10/10 06:42:47.691, 0, 3551, 94
2026/10/10 06:42:47.891, 0, 3551, 78
2026/10/10 06:42:48.091, 0, 3551, 67
2026/10/10 06:42:48.291, 0, 3551, 94
2026/10/10 06:42:48.491, 0, 3551, 94
2026/10/10 06:42:48.692, 0, 3551, 68
2026/10/10 06:42:48.892, 0, 3551, 94
2026/10/10 06:42:49.092, 0, 3551, 94
2026/10/10 06:42:49.292, 0, 3551, 66
2026/10/10 06:42:49.492, 0, 3551, 86
2026/10/10 06:42:49.692, 0, 3551, 95
2026/10/10 06:42:49.893, 0, 3551, 79
2026/10/10 06:42:50.093, 0, 3551, 80
2026/10/10 06:42:50.293, 0, 3551, 94
2026/10/10 06:42:50.493, 0, 3551, 87
2026/10/10 06:42:50.700, 0, 3551, 71
2026/10/10 06:42:50.900, 0, 3551, 94
2026/10/10 06:42:51.100, 0, 3551, 94
2026/10/10 06:42:51.300, 0, 3551, 67
2026/10/10 06:42:51.500, 0, 3551, 94
2026/10/10 06:42:51.701, 0, 3551, 95
2026/10/10 06:42:51.901, 0, 3551, 66
2026/10/10 06:42:52.101, 0, 3551, 95
2026/10/10 06:42:52.301, 0, 3551, 94
2026/10/10 06:42:52.501, 0, 3551, 62
2026/10/10 06:42:52.701, 0, 3551, 95
2026/10/10 06:42:52.902, 0, 3551, 95
2026/10/10 06:42:53.102, 0, 3551, 66
2026/10/10 06:42:53.302, 0, 3551, 94
2026/10/10 06:42:53.502, 0, 3551, 93
2026/10/10 06:42:53.703, 0, 3551, 66
2026/10/10 06:42:53.903, 0, 3551, 94
2026/10/10 06:42:54.103, 0, 3551, 95
2026/10/10 06:42:54.303, 0, 3551, 66
2026/10/10 06:42:54.503, 0, 3551, 95
2026/10/10 06:42:54.703, 0, 3551, 95
2026/10/10 06:42:54.904, 0, 3551, 74
2026/10/10 06:42:55.104, 0, 3551, 94
2026/10/10 06:42:55.304, 0, 3551, 86
2026/10/10 06:42:55.504, 0, 3551, 80
2026/10/10 06:42:55.704, 0, 3551, 95
2026/10/10 06:42:55.904, 0, 3551, 80
2026/10/10 06:42:56.105, 0, 3551, 92
2026/10/10 06:42:56.305, 0, 3551, 94
2026/10/10 06:42:56.505, 0, 3551, 66
2026/10/10 06:42:56.705, 0, 3551, 95
2026/10/10 06:42:56.906, 0, 3551, 94
2026/10/10 06:42:57.106, 0, 3551, 67
2026/10/10 06:42:57.306, 0, 3551, 96
2026/10/10 06:42:57.506, 0, 3551, 95
2026/10/10 06:42:57.706, 0, 3551, 67
2026/10/10 06:42:57.906, 0, 3551, 95
2026/10/10 06:42:58.107, 0, 3551, 95
2026/10/10 06:42:58.307, 0, 3551, 74
2026/10/10 06:42:58.507, 0, 3551, 96
2026/10/10 06:42:58.707, 0, 3551, 71
2026/10/10 06:42:58.907, 0, 3551, 96
2026/10/10 06:42:59.107, 0, 3551, 94
2026/10/10 06:42:59.307, 0, 3551, 66
2026/10/10 06:42:59.507, 0, 3551, 94
2026/10/10 06:42:59.707, 0, 3551, 93
2026/10/10 06:42:59.908, 0, 3551, 70
2026/10/10 06:43:00.108, 0, 3551, 96
2026/10/10 06:43:00.308, 0, 3551, 67
2026/10/10 06:43:00.508, 0, 3551, 95
2026/10/10 06:43:00.708, 0, 3551, 94
2026/10/10 06:43:00.908, 0, 3551, 67
2026/10/10 06:43:01.108, 0, 3551, 95
2026/10/10 06:43:01.308, 0, 3551, 96
2026/10/10 06:43:01.509, 0, 3551, 79
2026/10/10 06:43:01.709, 0, 3551, 95
2026/10/10 06:43:01.909, 0, 3551, 68
2026/10/10 06:43:02.109, 0, 3551, 96
2026/10/10 06:43:02.309, 0, 3551, 40
2026/10/10 06:43:02.509, 0, 3551, 83
2026/10/10 06:43:02.709, 0, 3551, 58
2026/10/10 06:43:02.909, 0, 3551, 81
2026/10/10 06:43:03.110, 0, 3551, 58
2026/10/10 06:43:03.310, 0, 3551, 86
2026/10/10 06:43:03.510, 0, 3551, 82
2026/10/10 06:43:03.710, 0, 3551, 80
2026/10/10 06:43:03.910, 0, 3551, 71
2026/10/10 06:43:04.111, 0, 3551, 80
2026/10/10 06:43:04.311, 0, 3551, 61
2026/10/10 06:43:04.511, 0, 3551, 79
2026/10/10 06:43:04.711, 0, 3551, 59
2026/10/10 06:43:04.911, 0, 3551, 78
2026/10/10 06:43:05.111, 0, 3551, 57
2026/10/10 06:43:05.312, 0, 3551, 83
2026/10/10 06:43:05.512, 0, 3551, 50
2026/10/10 06:43:05.712, 0, 3551, 77
2026/10/10 06:43:05.912, 0, 3551, 57
2026/10/10 06:43:06.112, 0, 3551, 76
2026/10/10 06:43:06.313, 0, 3551, 58
2026/10/10 06:43:06.513, 0, 3551, 83
2026/10/10 06:43:06.713, 0, 3551, 59
2026/10/10 06:43:06.913, 0, 3551, 78
2026/10/10 06:43:07.113, 0, 3551, 51
2026/10/10 06:43:07.313, 0, 3551, 84
2026/10/10 06:43:07.514, 0, 3551, 53
2026/10/10 06:43:07.714, 0, 3551, 77
2026/10/10 06:43:07.914, 0, 3551, 60
2026/10/10 06:43:08.114, 0, 3551, 78
2026/10/10 06:43:08.315, 0, 3551, 75
2026/10/10 06:43:08.515, 0, 3551, 75
2026/10/10 06:43:08.715, 0, 3551, 85
2026/10/10 06:43:08.915, 0, 3551, 80
2026/10/10 06:43:09.115, 0, 3551, 88
2026/10/10 06:43:09.315, 0, 3551, 83
2026/10/10 06:43:09.516, 0, 3551, 89
2026/10/10 06:43:09.716, 0, 3551, 83
2026/10/10 06:43:09.916, 0, 3551, 87
2026/10/10 06:43:10.116, 0, 3551, 83
2026/10/10 06:43:10.316, 0, 3551, 76
2026/10/10 06:43:10.516, 0, 3551, 85
2026/10/10 06:43:10.716, 0, 3551, 64
2026/10/10 06:43:10.916, 0, 3551, 76
2026/10/10 06:43:11.117, 0, 3551, 62
2026/10/10 06:43:11.317, 0, 3551, 75
2026/10/10 06:43:11.517, 0, 3551, 82
2026/10/10 06:43:11.717, 0, 3551, 77
2026/10/10 06:43:11.917, 0, 3551, 78
2026/10/10 06:43:12.118, 0, 3551, 86
2026/10/10 06:43:12.318, 0, 3551, 80
2026/10/10 06:43:12.518, 0, 3551, 82
2026/10/10 06:43:12.718, 0, 3551, 81
2026/10/10 06:43:12.918, 0, 3551, 68
2026/10/10 06:43:13.118, 0, 3551, 83
2026/10/10 06:43:13.319, 0, 3551, 84
2026/10/10 06:43:13.519, 0, 3551, 77
2026/10/10 06:43:13.719, 0, 3551, 82
2026/10/10 06:43:13.919, 0, 3551, 83
2026/10/10 06:43:14.119, 0, 3551, 80
2026/10/10 06:43:14.319, 0, 3551, 84
2026/10/10 06:43:14.520, 0, 3551, 91
2026/10/10 06:43:14.720, 0, 3551, 91
2026/10/10 06:43:14.920, 0, 3551, 90
2026/10/10 06:43:15.120, 0, 3551, 89
2026/10/10 06:43:15.320, 0, 3551, 90
2026/10/10 06:43:15.520, 0, 3551, 90
2026/10/10 06:43:15.721, 0, 3551, 90
2026/10/10 06:43:15.921, 0, 3551, 91
2026/10/10 06:43:16.121, 0, 3551, 94
2026/10/10 06:43:16.321, 0, 3551, 93
2026/10/10 06:43:16.521, 0, 3551, 94
2026/10/10 06:43:16.722, 0, 3551, 94
2026/10/10 06:43:16.922, 0, 3551, 94
2026/10/10 06:43:17.122, 0, 3551, 93
2026/10/10 06:43:17.322, 0, 3551, 92
2026/10/10 06:43:17.522, 0, 3551, 93
2026/10/10 06:43:17.723, 0, 3551, 91
2026/10/10 06:43:17.923, 0, 3551, 89
2026/10/10 06:43:18.123, 0, 3551, 90
2026/10/10 06:43:18.323, 0, 3551, 94
2026/10/10 06:43:18.523, 0, 3551, 93
2026/10/10 06:43:18.724, 0, 3551, 93
2026/10/10 06:43:18.924, 0, 3551, 94
2026/10/10 06:43:19.124, 0, 3551, 95
2026/10/10 06:43:19.325, 0, 3551, 94
2026/10/10 06:43:19.525, 0, 3551, 91
2026/10/10 06:43:19.725, 0, 3551, 95
2026/10/10 06:43:19.925, 0, 3551, 94
2026/10/10 06:43:20.125, 0, 3551, 94
2026/10/10 06:43:20.325, 0, 3551, 95
2026/10/10 06:43:20.526, 0, 3551, 92
2026/10/10 06:43:20.731, 0, 3551, 94
2026/10/10 06:43:20.931, 0, 3551, 94
2026/10/10 06:43:21.132, 0, 3551, 94
2026/10/10 06:43:21.332, 0, 3551, 94
2026/10/10 06:43:21.532, 0, 3551, 96
2026/10/10 06:43:21.732, 0, 3551, 94
2026/10/10 06:43:21.932, 0, 3551, 94
2026/10/10 06:43:22.132, 0, 3551, 94
2026/10/10 06:43:22.332, 0, 3551, 94
2026/10/10 06:43:22.533, 0, 3551, 94
2026/10/10 06:43:22.733, 0, 3551, 95
2026/10/10 06:43:22.933, 0, 3551, 96
2026/10/10 06:43:23.133, 0, 3551, 94
2026/10/10 06:43:23.333, 0, 3551, 94
2026/10/10 06:43:23.534, 0, 3551, 95
2026/10/10 06:43:23.735, 0, 3551, 94
2026/10/10 06:43:23.935, 0, 3551, 94
2026/10/10 06:43:24.135, 0, 3551, 95
2026/10/10 06:43:24.335, 0, 3551, 95
2026/10/10 06:43:24.536, 0, 3551, 94
2026/10/10 06:43:24.736, 0, 3551, 95
2026/10/10 06:43:24.936, 0, 3551, 94
2026/10/10 06:43:25.136, 0, 3551, 95
2026/10/10 06:43:25.336, 0, 3551, 96
2026/10/10 06:43:25.537, 0, 3551, 96
2026/10/10 06:43:25.737, 0, 3551, 95
2026/10/10 06:43:25.937, 0, 3551, 96
2026/10/10 06:43:26.137, 0, 3551, 96
2026/10/10 06:43:26.337, 0, 3551, 95
2026/10/10 06:43:26.538, 0, 3551, 96
2026/10/10 06:43:26.738, 0, 3551, 96
2026/10/10 06:43:26.938, 0, 3551, 95
2026/10/10 06:43:27.138, 0, 3551, 96
2026/10/10 06:43:27.338, 0, 3551, 96
2026/10/10 06:43:27.538, 0, 3551, 94
2026/10/10 06:43:27.739, 0, 3551, 95
2026/10/10 06:43:27.939, 0, 3551, 95
2026/10/10 06:43:28.139, 0, 3551, 96
2026/10/10 06:43:28.339, 0, 3551, 96
2026/10/10 06:43:28.539, 0, 3551, 96
2026/10/10 06:43:28.739, 0, 3551, 96
2026/10/10 06:43:28.940, 0, 3551, 94
2026/10/10 06:43:29.140, 0, 3551, 96
2026/10/10 06:43:29.340, 0, 3551, 96
2026/10/10 06:43:29.540, 0, 3551, 90
2026/10/10 06:43:29.740, 0, 3551, 88
2026/10/10 06:43:29.941, 0, 3551, 83
2026/10/10 06:43:30.141, 0, 3551, 83
2026/10/10 06:43:30.341, 0, 3551, 83
2026/10/10 06:43:30.541, 0, 3551, 88
2026/10/10 06:43:30.741, 0, 3551, 83
2026/10/10 06:43:30.942, 0, 3551, 84
2026/10/10 06:43:31.142, 0, 3551, 83
2026/10/10 06:43:31.343, 0, 3551, 83
2026/10/10 06:43:31.543, 0, 3551, 83
2026/10/10 06:43:31.743, 0, 3551, 83
2026/10/10 06:43:31.943, 0, 3551, 84
2026/10/10 06:43:32.144, 0, 3551, 83
2026/10/10 06:43:32.344, 0, 3551, 85
2026/10/10 06:43:32.544, 0, 3551, 83
2026/10/10 06:43:32.744, 0, 3551, 83
2026/10/10 06:43:32.944, 0, 3551, 83
2026/10/10 06:43:33.145, 0, 3551, 87
2026/10/10 06:43:33.345, 0, 3551, 83
2026/10/10 06:43:33.545, 0, 3551, 87
2026/10/10 06:43:33.745, 0, 3551, 83
2026/10/10 06:43:33.945, 0, 3551, 83
2026/10/10 06:43:34.145, 0, 3551, 84
2026/10/10 06:43:34.346, 0, 3551, 83
2026/10/10 06:43:34.546, 0, 3551, 85
2026/10/10 06:43:34.746, 0, 3551, 83
2026/10/10 06:43:34.946, 0, 3551, 83
2026/10/10 06:43:35.146, 0, 3551, 83
2026/10/10 06:43:35.347, 0, 3551, 85
2026/10/10 06:43:35.547, 0, 3551, 83
2026/10/10 06:43:35.747, 0, 3551, 83
2026/10/10 06:43:35.947, 0, 3551, 83
2026/10/10 06:43:36.147, 0, 3551, 88
2026/10/10 06:43:36.348, 0, 3551, 83
2026/10/10 06:43:36.548, 0, 3551, 87
2026/10/10 06:43:36.748, 0, 3551, 83
2026/10/10 06:43:36.948, 0, 3551, 83
2026/10/10 06:43:37.148, 0, 3551, 83
2026/10/10 06:43:37.348, 0, 3551, 82
2026/10/10 06:43:37.549, 0, 3551, 86
2026/10/10 06:43:37.749, 0, 3551, 83
2026/10/10 06:43:37.949, 0, 3551, 83
2026/10/10 06:43:38.149, 0, 3551, 85
2026/10/10 06:43:38.349, 0, 3551, 88
2026/10/10 06:43:38.550, 0, 3551, 82
2026/10/10 06:43:38.750, 0, 3551, 82
2026/10/10 06:43:38.950, 0, 3551, 80
2026/10/10 06:43:39.150, 0, 3551, 82
2026/10/10 06:43:39.350, 0, 3551, 79
2026/10/10 06:43:39.553, 0, 3551, 80
2026/10/10 06:43:39.753, 0, 3551, 85
2026/10/10 06:43:39.953, 0, 3551, 82
2026/10/10 06:43:40.154, 0, 3551, 83
2026/10/10 06:43:40.354, 0, 3551, 86
2026/10/10 06:43:40.554, 0, 3551, 82
2026/10/10 06:43:40.757, 0, 3551, 83
2026/10/10 06:43:40.957, 0, 3551, 86
2026/10/10 06:43:41.158, 0, 3551, 83
2026/10/10 06:43:41.358, 0, 3551, 83
2026/10/10 06:43:41.558, 0, 3551, 85
2026/10/10 06:43:41.758, 0, 3551, 83
2026/10/10 06:43:41.958, 0, 3551, 83
2026/10/10 06:43:42.159, 0, 3551, 85
2026/10/10 06:43:42.359, 0, 3551, 83
2026/10/10 06:43:42.559, 0, 3551, 83
2026/10/10 06:43:42.759, 0, 3551, 84
2026/10/10 06:43:42.959, 0, 3551, 83
2026/10/10 06:43:43.160, 0, 3551, 83
2026/10/10 06:43:43.360, 0, 3551, 81
2026/10/10 06:43:43.560, 0, 3551, 85
2026/10/10 06:43:43.760, 0, 3551, 83
2026/10/10 06:43:43.960, 0, 3551, 83
2026/10/10 06:43:44.160, 0, 3551, 83
2026/10/10 06:43:44.361, 0, 3551, 83
2026/10/10 06:43:44.561, 0, 3551, 84
2026/10/10 06:43:44.761, 0, 3551, 81
2026/10/10 06:43:44.961, 0, 3551, 82
2026/10/10 06:43:45.161, 0, 3551, 83
2026/10/10 06:43:45.362, 0, 3551, 83
2026/10/10 06:43:45.562, 0, 3551, 81
2026/10/10 06:43:45.762, 0, 3551, 83
2026/10/10 06:43:45.962, 0, 3551, 83
2026/10/10 06:43:46.162, 0, 3551, 86
2026/10/10 06:43:46.362, 0, 3551, 85
2026/10/10 06:43:46.563, 0, 3551, 83
2026/10/10 06:43:46.763, 0, 3551, 83
2026/10/10 06:43:46.963, 0, 3551, 86
2026/10/10 06:43:47.163, 0, 3551, 83
2026/10/10 06:43:47.363, 0, 3551, 86
2026/10/10 06:43:47.563, 0, 3551, 83
2026/10/10 06:43:47.764, 0, 3551, 83
2026/10/10 06:43:47.964, 0, 3551, 83
2026/10/10 06:43:48.164, 0, 3551, 82
2026/10/10 06:43:48.364, 0, 3551, 83
2026/10/10 06:43:48.564, 0, 3551, 88
2026/10/10 06:43:48.764, 0, 3551, 83
2026/10/10 06:43:48.965, 0, 3551, 84
2026/10/10 06:43:49.165, 0, 3551, 83
2026/10/10 06:43:49.365, 0, 3551, 87
2026/10/10 06:43:49.565, 0, 3551, 83
2026/10/10 06:43:49.765, 0, 3551, 83
2026/10/10 06:43:49.965, 0, 3551, 85
2026/10/10 06:43:50.166, 0, 3551, 83
2026/10/10 06:43:50.366, 0, 3551, 83
2026/10/10 06:43:50.566, 0, 3551, 83
2026/10/10 06:43:50.766, 0, 3551, 87
2026/10/10 06:43:50.966, 0, 3551, 81
2026/10/10 06:43:51.166, 0, 3551, 83
2026/10/10 06:43:51.367, 0, 3551, 90
2026/10/10 06:43:51.567, 0, 3551, 89
2026/10/10 06:43:51.767, 0, 3551, 90
2026/10/10 06:43:51.967, 0, 3551, 90
2026/10/10 06:43:52.167, 0, 3551, 90
2026/10/10 06:43:52.367, 0, 3551, 91
2026/10/10 06:43:52.568, 0, 3551, 89
2026/10/10 06:43:52.768, 0, 3551, 90
2026/10/10 06:43:52.968, 0, 3551, 93
2026/10/10 06:43:53.168, 0, 3551, 94
2026/10/10 06:43:53.368, 0, 3551, 94
2026/10/10 06:43:53.568, 0, 3551, 94
2026/10/10 06:43:53.769, 0, 3551, 94
2026/10/10 06:43:53.969, 0, 3551, 94
2026/10/10 06:43:54.169, 0, 3551, 95
2026/10/10 06:43:54.369, 0, 3551, 94
2026/10/10 06:43:54.569, 0, 3551, 94
2026/10/10 06:43:54.769, 0, 3551, 94
2026/10/10 06:43:54.970, 0, 3551, 94
2026/10/10 06:43:55.170, 0, 3551, 94
2026/10/10 06:43:55.370, 0, 3551, 94
2026/10/10 06:43:55.570, 0, 3551, 94
2026/10/10 06:43:55.770, 0, 3551, 93
2026/10/10 06:43:55.970, 0, 3551, 94
2026/10/10 06:43:56.170, 0, 3551, 94
2026/10/10 06:43:56.370, 0, 3551, 93
2026/10/10 06:43:56.571, 0, 3551, 94
2026/10/10 06:43:56.771, 0, 3551, 94
2026/10/10 06:43:56.971, 0, 3551, 94
2026/10/10 06:43:57.171, 0, 3551, 94
2026/10/10 06:43:57.371, 0, 3551, 94
2026/10/10 06:43:57.571, 0, 3551, 95
2026/10/10 06:43:57.771, 0, 3551, 94
2026/10/10 06:43:57.972, 0, 3551, 94
2026/10/10 06:43:58.172, 0, 3551, 95
2026/10/10 06:43:58.372, 0, 3551, 94
2026/10/10 06:43:58.572, 0, 3551, 95
2026/10/10 06:43:58.772, 0, 3551, 94
2026/10/10 06:43:58.972, 0, 3551, 93
2026/10/10 06:43:59.172, 0, 3551, 94
2026/10/10 06:43:59.373, 0, 3551, 94
2026/10/10 06:43:59.573, 0, 3551, 95
2026/10/10 06:43:59.773, 0, 3551, 95
2026/10/10 06:43:59.973, 0, 3551, 94
2026/10/10 06:44:00.173, 0, 3551, 94
2026/10/10 06:44:00.373, 0, 3551, 94
2026/10/10 06:44:00.576, 0, 3551, 94
2026/10/10 06:44:00.776, 0, 3551, 94
2026/10/10 06:44:00.976, 0, 3551, 94
2026/10/10 06:44:01.176, 0, 3551, 94
2026/10/10 06:44:01.376, 0, 3551, 95
2026/10/10 06:44:01.577, 0, 3551, 95
2026/10/10 06:44:01.777, 0, 3551, 94
2026/10/10 06:44:01.978, 0, 3551, 94
2026/10/10 06:44:02.178, 0, 3551, 95
2026/10/10 06:44:02.378, 0, 3551, 95
2026/10/10 06:44:02.578, 0, 3551, 95
2026/10/10 06:44:02.778, 0, 3551, 95
2026/10/10 06:44:02.978, 0, 3551, 95
2026/10/10 06:44:03.179, 0, 3551, 94
2026/10/10 06:44:03.379, 0, 3551, 93
2026/10/10 06:44:03.579, 0, 3551, 94
2026/10/10 06:44:03.779, 0, 3551, 95
2026/10/10 06:44:03.979, 0, 3551, 93
2026/10/10 06:44:04.179, 0, 3551, 94
2026/10/10 06:44:04.380, 0, 3551, 96
2026/10/10 06:44:04.580, 0, 3551, 96
2026/10/10 06:44:04.780, 0, 3551, 96
2026/10/10 06:44:04.980, 0, 3551, 95
2026/10/10 06:44:05.180, 0, 3551, 94
2026/10/10 06:44:05.381, 0, 3551, 94
2026/10/10 06:44:05.581, 0, 3551, 95
2026/10/10 06:44:05.781, 0, 3551, 95
2026/10/10 06:44:05.981, 0, 3551, 96
2026/10/10 06:44:06.181, 0, 3551, 96
2026/10/10 06:44:06.381, 0, 3551, 91
2026/10/10 06:44:06.582, 0, 3551, 83
2026/10/10 06:44:06.782, 0, 3551, 87
2026/10/10 06:44:06.982, 0, 3551, 83
2026/10/10 06:44:07.182, 0, 3551, 85
2026/10/10 06:44:07.382, 0, 3551, 82
2026/10/10 06:44:07.582, 0, 3551, 84
2026/10/10 06:44:07.783, 0, 3551, 83
2026/10/10 06:44:07.983, 0, 3551, 84
2026/10/10 06:44:08.183, 0, 3551, 83
2026/10/10 06:44:08.383, 0, 3551, 87
2026/10/10 06:44:08.585, 0, 3551, 83
2026/10/10 06:44:08.785, 0, 3551, 83
2026/10/10 06:44:08.985, 0, 3551, 87
2026/10/10 06:44:09.185, 0, 3551, 83
2026/10/10 06:44:09.385, 0, 3551, 87
2026/10/10 06:44:09.585, 0, 3551, 83
2026/10/10 06:44:09.786, 0, 3551, 82
2026/10/10 06:44:09.986, 0, 3551, 84
2026/10/10 06:44:10.186, 0, 3551, 84
2026/10/10 06:44:10.386, 0, 3551, 81
2026/10/10 06:44:10.586, 0, 3551, 83
2026/10/10 06:44:10.787, 0, 3551, 83
2026/10/10 06:44:10.989, 0, 3551, 83
2026/10/10 06:44:11.189, 0, 3551, 83
2026/10/10 06:44:11.389, 0, 3551, 83
2026/10/10 06:44:11.590, 0, 3551, 87
2026/10/10 06:44:11.790, 0, 3551, 82
2026/10/10 06:44:11.990, 0, 3551, 81
2026/10/10 06:44:12.190, 0, 3551, 83
2026/10/10 06:44:12.390, 0, 3551, 87
2026/10/10 06:44:12.590, 0, 3551, 83
2026/10/10 06:44:12.791, 0, 3551, 88
2026/10/10 06:44:12.991, 0, 3551, 86
2026/10/10 06:44:13.191, 0, 3551, 83
2026/10/10 06:44:13.391, 0, 3551, 83
2026/10/10 06:44:13.591, 0, 3551, 84
2026/10/10 06:44:13.791, 0, 3551, 83
2026/10/10 06:44:13.992, 0, 3551, 86
2026/10/10 06:44:14.192, 0, 3551, 83
2026/10/10 06:44:14.392, 0, 3551, 83
2026/10/10 06:44:14.592, 0, 3551, 84
2026/10/10 06:44:14.792, 0, 3551, 83
2026/10/10 06:44:14.992, 0, 3551, 83
2026/10/10 06:44:15.193, 0, 3551, 91
2026/10/10 06:44:15.393, 0, 3551, 83
2026/10/10 06:44:15.593, 0, 3551, 83
2026/10/10 06:44:15.793, 0, 3551, 83
2026/10/10 06:44:15.993, 0, 3551, 86
2026/10/10 06:44:16.193, 0, 3551, 82
2026/10/10 06:44:16.394, 0, 3551, 83
2026/10/10 06:44:16.594, 0, 3551, 83
2026/10/10 06:44:16.794, 0, 3551, 86
2026/10/10 06:44:16.994, 0, 3551, 83
2026/10/10 06:44:17.194, 0, 3551, 83
2026/10/10 06:44:17.394, 0, 3551, 86
2026/10/10 06:44:17.595, 0, 3551, 83
2026/10/10 06:44:17.795, 0, 3551, 74
2026/10/10 06:44:17.995, 0, 3551, 77
2026/10/10 06:44:18.195, 0, 3551, 85
2026/10/10 06:44:18.395, 0, 3551, 83
2026/10/10 06:44:18.595, 0, 3551, 84
2026/10/10 06:44:18.796, 0, 3551, 86
2026/10/10 06:44:18.996, 0, 3551, 84
2026/10/10 06:44:19.196, 0, 3551, 83
2026/10/10 06:44:19.397, 0, 3551, 83
2026/10/10 06:44:19.597, 0, 3551, 83
2026/10/10 06:44:19.797, 0, 3551, 85
2026/10/10 06:44:19.997, 0, 3551, 83
2026/10/10 06:44:20.198, 0, 3551, 83
2026/10/10 06:44:20.398, 0, 3551, 85
2026/10/10 06:44:20.598, 0, 3551, 83
2026/10/10 06:44:20.798, 0, 3551, 77
2026/10/10 06:44:20.998, 0, 3551, 83
2026/10/10 06:44:21.198, 0, 3551, 86
2026/10/10 06:44:21.399, 0, 3551, 83
2026/10/10 06:44:21.599, 0, 3551, 83
2026/10/10 06:44:21.799, 0, 3551, 84
2026/10/10 06:44:21.999, 0, 3551, 83
2026/10/10 06:44:22.199, 0, 3551, 83
2026/10/10 06:44:22.400, 0, 3551, 82
2026/10/10 06:44:22.600, 0, 3551, 85
2026/10/10 06:44:22.800, 0, 3551, 83
2026/10/10 06:44:23.000, 0, 3551, 87
2026/10/10 06:44:23.200, 0, 3551, 85
2026/10/10 06:44:23.400, 0, 3551, 84
2026/10/10 06:44:23.600, 0, 3551, 83
2026/10/10 06:44:23.801, 0, 3551, 83
2026/10/10 06:44:24.001, 0, 3551, 83
2026/10/10 06:44:24.201, 0, 3551, 83
2026/10/10 06:44:24.401, 0, 3551, 86
2026/10/10 06:44:24.601, 0, 3551, 83
2026/10/10 06:44:24.801, 0, 3551, 85
2026/10/10 06:44:25.002, 0, 3551, 84
2026/10/10 06:44:25.202, 0, 3551, 83
2026/10/10 06:44:25.402, 0, 3551, 83
2026/10/10 06:44:25.602, 0, 3551, 83
2026/10/10 06:44:25.802, 0, 3551, 82
2026/10/10 06:44:26.002, 0, 3551, 82
2026/10/10 06:44:26.203, 0, 3551, 83
2026/10/10 06:44:26.403, 0, 3551, 83
2026/10/10 06:44:26.603, 0, 3551, 83
2026/10/10 06:44:26.803, 0, 3551, 83
2026/10/10 06:44:27.003, 0, 3551, 85
2026/10/10 06:44:27.204, 0, 3551, 83
2026/10/10 06:44:27.404, 0, 3551, 88
2026/10/10 06:44:27.604, 0, 3551, 83
2026/10/10 06:44:27.804, 0, 3551, 83
2026/10/10 06:44:28.005, 0, 3551, 86
2026/10/10 06:44:28.205, 0, 3551, 90
2026/10/10 06:44:28.405, 0, 3551, 90
2026/10/10 06:44:28.605, 0, 3551, 91
2026/10/10 06:44:28.805, 0, 3551, 91
2026/10/10 06:44:29.005, 0, 3551, 90
2026/10/10 06:44:29.206, 0, 3551, 90
2026/10/10 06:44:29.406, 0, 3551, 91
2026/10/10 06:44:29.606, 0, 3551, 90
2026/10/10 06:44:29.806, 0, 3551, 94
2026/10/10 06:44:30.006, 0, 3551, 93
2026/10/10 06:44:30.206, 0, 3551, 95
2026/10/10 06:44:30.407, 0, 3551, 94
2026/10/10 06:44:30.607, 0, 3551, 94
2026/10/10 06:44:30.807, 0, 3551, 94
2026/10/10 06:44:31.007, 0, 3551, 94
2026/10/10 06:44:31.207, 0, 3551, 94
2026/10/10 06:44:31.408, 0, 3551, 94
2026/10/10 06:44:31.608, 0, 3551, 94
2026/10/10 06:44:31.808, 0, 3551, 95
2026/10/10 06:44:32.008, 0, 3551, 94
2026/10/10 06:44:32.208, 0, 3551, 95
2026/10/10 06:44:32.409, 0, 3551, 93
2026/10/10 06:44:32.609, 0, 3551, 96
2026/10/10 06:44:32.809, 0, 3551, 94
2026/10/10 06:44:33.009, 0, 3551, 94
2026/10/10 06:44:33.209, 0, 3551, 93
2026/10/10 06:44:33.409, 0, 3551, 94
2026/10/10 06:44:33.610, 0, 3551, 95
2026/10/10 06:44:33.810, 0, 3551, 95
2026/10/10 06:44:34.010, 0, 3551, 94
2026/10/10 06:44:34.210, 0, 3551, 95
2026/10/10 06:44:34.410, 0, 3551, 94
2026/10/10 06:44:34.610, 0, 3551, 96
2026/10/10 06:44:34.811, 0, 3551, 95
2026/10/10 06:44:35.011, 0, 3551, 94
2026/10/10 06:44:35.211, 0, 3551, 94
2026/10/10 06:44:35.411, 0, 3551, 94
2026/10/10 06:44:35.611, 0, 3551, 95
2026/10/10 06:44:35.811, 0, 3551, 94
2026/10/10 06:44:36.012, 0, 3551, 95
2026/10/10 06:44:36.212, 0, 3551, 94
2026/10/10 06:44:36.412, 0, 3551, 94
2026/10/10 06:44:36.613, 0, 3551, 94
2026/10/10 06:44:36.813, 0, 3551, 95
2026/10/10 06:44:37.014, 0, 3551, 94
2026/10/10 06:44:37.214, 0, 3551, 91
2026/10/10 06:44:37.414, 0, 3551, 89
2026/10/10 06:44:37.615, 0, 3551, 93
2026/10/10 06:44:37.815, 0, 3551, 91
2026/10/10 06:44:38.015, 0, 3551, 90
2026/10/10 06:44:38.215, 0, 3551, 93
2026/10/10 06:44:38.415, 0, 3551, 92
2026/10/10 06:44:38.616, 0, 3551, 94
2026/10/10 06:44:38.816, 0, 3551, 95
2026/10/10 06:44:39.016, 0, 3551, 95
2026/10/10 06:44:39.218, 0, 3551, 93
2026/10/10 06:44:39.418, 0, 3551, 92
2026/10/10 06:44:39.618, 0, 3551, 93
2026/10/10 06:44:39.818, 0, 3551, 94
2026/10/10 06:44:40.019, 0, 3551, 95
2026/10/10 06:44:40.219, 0, 3551, 95
2026/10/10 06:44:40.419, 0, 3551, 92
2026/10/10 06:44:40.619, 0, 3551, 93
2026/10/10 06:44:40.819, 0, 3551, 92
2026/10/10 06:44:41.020, 0, 3551, 93
2026/10/10 06:44:41.220, 0, 3551, 92
2026/10/10 06:44:41.420, 0, 3551, 92
2026/10/10 06:44:41.620, 0, 3551, 93
2026/10/10 06:44:41.820, 0, 3551, 96
2026/10/10 06:44:42.021, 0, 3551, 94
2026/10/10 06:44:42.221, 0, 3551, 95
2026/10/10 06:44:42.421, 0, 3551, 91
2026/10/10 06:44:42.622, 0, 3551, 92
2026/10/10 06:44:42.822, 0, 3551, 93
2026/10/10 06:44:43.022, 0, 3551, 91
2026/10/10 06:44:43.223, 0, 3551, 92
2026/10/10 06:44:43.423, 0, 3551, 77
2026/10/10 06:44:43.623, 0, 3551, 79
2026/10/10 06:44:43.824, 0, 3551, 88
2026/10/10 06:44:44.024, 0, 3551, 77
2026/10/10 06:44:44.224, 0, 3551, 77
2026/10/10 06:44:44.424, 0, 3551, 82
2026/10/10 06:44:44.624, 0, 3551, 80
2026/10/10 06:44:44.825, 0, 3551, 83
2026/10/10 06:44:45.025, 0, 3551, 83
2026/10/10 06:44:45.225, 0, 3551, 84
2026/10/10 06:44:45.425, 0, 3551, 83
2026/10/10 06:44:45.625, 0, 3551, 84
2026/10/10 06:44:45.826, 0, 3551, 83
2026/10/10 06:44:46.026, 0, 3551, 86
2026/10/10 06:44:46.226, 0, 3551, 82
2026/10/10 06:44:46.426, 0, 3551, 84
2026/10/10 06:44:46.626, 0, 3551, 79
2026/10/10 06:44:46.827, 0, 3551, 77
2026/10/10 06:44:47.027, 0, 3551, 82
2026/10/10 06:44:47.227, 0, 3551, 84
2026/10/10 06:44:47.427, 0, 3551, 80
2026/10/10 06:44:47.627, 0, 3551, 79
2026/10/10 06:44:47.828, 0, 3551, 82
2026/10/10 06:44:48.028, 0, 3551, 83
2026/10/10 06:44:48.228, 0, 3551, 86
2026/10/10 06:44:48.428, 0, 3551, 83
2026/10/10 06:44:48.628, 0, 3551, 86
2026/10/10 06:44:48.829, 0, 3551, 83
2026/10/10 06:44:49.029, 0, 3551, 85
2026/10/10 06:44:49.229, 0, 3551, 83
2026/10/10 06:44:49.429, 0, 3551, 83
2026/10/10 06:44:49.629, 0, 3551, 81
2026/10/10 06:44:49.829, 0, 3551, 84
2026/10/10 06:44:50.030, 0, 3551, 87
2026/10/10 06:44:50.230, 0, 3551, 82
2026/10/10 06:44:50.430, 0, 3551, 84
2026/10/10 06:44:50.630, 0, 3551, 83
2026/10/10 06:44:50.830, 0, 3551, 86
2026/10/10 06:44:51.031, 0, 3551, 83
2026/10/10 06:44:51.231, 0, 3551, 83
2026/10/10 06:44:51.431, 0, 3551, 86
2026/10/10 06:44:51.631, 0, 3551, 83
2026/10/10 06:44:51.831, 0, 3551, 83
2026/10/10 06:44:52.031, 0, 3551, 85
2026/10/10 06:44:52.232, 0, 3551, 89
2026/10/10 06:44:52.432, 0, 3551, 82
2026/10/10 06:44:52.632, 0, 3551, 76
2026/10/10 06:44:52.832, 0, 3551, 79
2026/10/10 06:44:53.032, 0, 3551, 76
2026/10/10 06:44:53.233, 0, 3551, 83
2026/10/10 06:44:53.433, 0, 3551, 83
2026/10/10 06:44:53.633, 0, 3551, 77
2026/10/10 06:44:53.833, 0, 3551, 87
2026/10/10 06:44:54.033, 0, 3551, 83
2026/10/10 06:44:54.234, 0, 3551, 83
2026/10/10 06:44:54.434, 0, 3551, 87
2026/10/10 06:44:54.634, 0, 3551, 82
2026/10/10 06:44:54.834, 0, 3551, 83
2026/10/10 06:44:55.034, 0, 3551, 88
2026/10/10 06:44:55.235, 0, 3551, 82
2026/10/10 06:44:55.435, 0, 3551, 83
2026/10/10 06:44:55.635, 0, 3551, 81
2026/10/10 06:44:55.835, 0, 3551, 83
2026/10/10 06:44:56.035, 0, 3551, 82
2026/10/10 06:44:56.235, 0, 3551, 82
2026/10/10 06:44:56.436, 0, 3551, 83
2026/10/10 06:44:56.636, 0, 3551, 82
2026/10/10 06:44:56.836, 0, 3551, 87
2026/10/10 06:44:57.036, 0, 3551, 82
2026/10/10 06:44:57.236, 0, 3551, 83
2026/10/10 06:44:57.437, 0, 3551, 82
2026/10/10 06:44:57.637, 0, 3551, 81
2026/10/10 06:44:57.837, 0, 3551, 83
2026/10/10 06:44:58.037, 0, 3551, 82
2026/10/10 06:44:58.237, 0, 3551, 81
2026/10/10 06:44:58.438, 0, 3551, 83
2026/10/10 06:44:58.638, 0, 3551, 81
2026/10/10 06:44:58.838, 0, 3551, 78
2026/10/10 06:44:59.038, 0, 3551, 81
2026/10/10 06:44:59.238, 0, 3551, 79
2026/10/10 06:44:59.439, 0, 3551, 79
2026/10/10 06:44:59.639, 0, 3551, 79
2026/10/10 06:44:59.839, 0, 3551, 81
2026/10/10 06:45:00.039, 0, 3551, 83
2026/10/10 06:45:00.239, 0, 3551, 84
2026/10/10 06:45:00.440, 0, 3551, 81
2026/10/10 06:45:00.640, 0, 3551, 80
2026/10/10 06:45:00.840, 0, 3551, 80
2026/10/10 06:45:01.041, 0, 3551, 84
2026/10/10 06:45:01.241, 0, 3551, 78
2026/10/10 06:45:01.442, 0, 3551, 77
2026/10/10 06:45:01.642, 0, 3551, 83
2026/10/10 06:45:01.842, 0, 3551, 76
2026/10/10 06:45:02.042, 0, 3551, 81
2026/10/10 06:45:02.242, 0, 3551, 81
2026/10/10 06:45:02.442, 0, 3551, 82
2026/10/10 06:45:02.643, 0, 3551, 81
2026/10/10 06:45:02.843, 0, 3551, 86
2026/10/10 06:45:03.043, 0, 3551, 79
2026/10/10 06:45:03.243, 0, 3551, 81
2026/10/10 06:45:03.443, 0, 3551, 86
2026/10/10 06:45:03.644, 0, 3551, 78
2026/10/10 06:45:03.844, 0, 3551, 83
2026/10/10 06:45:04.044, 0, 3551, 81
2026/10/10 06:45:04.244, 0, 3551, 78
2026/10/10 06:45:04.444, 0, 3551, 81
2026/10/10 06:45:04.645, 0, 3551, 86
2026/10/10 06:45:04.845, 0, 3551, 83
2026/10/10 06:45:05.045, 0, 3551, 80
2026/10/10 06:45:05.245, 0, 3551, 79
2026/10/10 06:45:05.445, 0, 3551, 0
2026/10/10 06:45:05.646, 0, 3551, 0
2026/10/10 06:45:05.846, 0, 3551, 0
2026/10/10 06:45:06.046, 0, 3551, 0
2026/10/10 06:45:06.246, 0, 3551, 0
2026/10/10 06:45:06.446, 0, 1631, 0
2026/10/10 06:45:06.647, 0, 1631, 46
2026/10/10 06:45:06.847, 0, 1631, 0
2026/10/10 06:45:07.047, 0, 1631, 0
2026/10/10 06:45:07.247, 0, 1631, 0
2026/10/10 06:45:07.449, 0, 1613, 0
2026/10/10 06:45:07.649, 0, 0, 0
2026/10/10 06:45:07.850, 0, 0, 0
2026/10/10 06:45:08.050, 0, 0, 0
2026/10/10 06:45:08.250, 0, 0, 0
2026/10/10 06:45:08.450, 0, 0, 0
2026/10/10 06:45:08.650, 0, 0, 0
2026/10/10 06:45:08.850, 0, 0, 0
2026/10/10 06:45:09.051, 0, 0, 0
2026/10/10 06:45:09.251, 0, 0, 0
2026/10/10 06:45:09.451, 0, 0, 0
2026/10/10 06:45:09.651, 0, 0, 0
2026/10/10 06:45:09.852, 0, 0, 0
2026/10/10 06:45:10.052, 0, 0, 0
2026/10/10 06:45:10.252, 0, 0, 0
2026/10/10 06:45:10.452, 0, 0, 0
2026/10/10 06:45:10.652, 0, 0, 0
2026/10/10 06:45:10.852, 0, 0, 0
2026/10/10 06:45:11.053, 0, 0, 0
2026/10/10 06:45:11.253, 0, 0, 0
2026/10/10 06:45:11.453, 0, 0, 0
2026/10/10 06:45:11.653, 0, 0, 0
2026/10/10 06:45:11.853, 0, 0, 0
2026/10/10 06:45:12.054, 0, 0, 0
2026/10/10 06:45:12.254, 0, 0, 0
2026/10/10 06:45:12.454, 0, 0, 0
2026/10/10 06:45:12.654, 0, 0, 0
2026/10/10 06:45:12.854, 0, 0, 0
2026/10/10 06:45:13.054, 0, 0, 0
2026/10/10 06:45:13.255, 0, 0, 0
2026/10/10 06:45:13.455, 0, 0, 0
2026/10/10 06:45:13.655, 0, 0, 0
2026/10/10 06:45:13.855, 0, 0, 0
2026/10/10 06:45:14.055, 0, 0, 0
2026/10/10 06:45:14.256, 0, 0, 0
2026/10/10 06:45:14.456, 0, 0, 0
2026/10/10 06:45:14.656, 0, 0, 0
2026/10/10 06:45:14.856, 0, 0, 0
2026/10/10 06:45:15.056, 0, 0, 0
2026/10/10 06:45:15.256, 0, 0, 0
2026/10/10 06:45:15.457, 0, 0, 0
2026/10/10 06:45:15.657, 0, 0, 0
2026/10/10 06:45:15.857, 0, 0, 0
2026/10/10 06:45:16.057, 0, 0, 0
2026/10/10 06:45:16.257, 0, 0, 0
2026/10/10 06:45:16.458, 0, 0, 0
2026/10/10 06:45:16.658, 0, 3, 0
2026/10/10 06:45:16.858, 0, 559, 0
2026/10/10 06:45:17.058, 0, 863, 2
2026/10/10 06:45:17.258, 0, 863, 0
2026/10/10 06:45:17.458, 0, 863, 0
2026/10/10 06:45:17.659, 0, 865, 0
2026/10/10 06:45:17.859, 0, 865, 0
2026/10/10 06:45:18.059, 0, 865, 0
2026/10/10 06:45:18.259, 0, 897, 0
2026/10/10 06:45:18.460, 0, 961, 0
2026/10/10 06:45:18.660, 0, 1013, 2
2026/10/10 06:45:18.862, 0, 1045, 1
2026/10/10 06:45:19.063, 0, 1045, 0
2026/10/10 06:45:19.263, 0, 1045, 0
2026/10/10 06:45:19.463, 0, 1045, 0
2026/10/10 06:45:19.663, 0, 1045, 0
2026/10/10 06:45:19.863, 0, 1045, 0
2026/10/10 06:45:20.063, 0, 1045, 0
2026/10/10 06:45:20.263, 0, 2027, 0
2026/10/10 06:45:20.464, 0, 2091, 4
2026/10/10 06:45:20.664, 0, 2873, 1
2026/10/10 06:45:20.864, 0, 2873, 0
2026/10/10 06:45:21.064, 0, 2873, 0
2026/10/10 06:45:21.264, 0, 2873, 0
2026/10/10 06:45:21.464, 0, 2873, 0
2026/10/10 06:45:21.664, 0, 2873, 0
2026/10/10 06:45:21.864, 0, 2873, 16
2026/10/10 06:45:22.065, 0, 2873, 100
2026/10/10 06:45:22.265, 0, 2873, 100
2026/10/10 06:45:22.465, 0, 2873, 100
2026/10/10 06:45:22.665, 0, 2873, 100
2026/10/10 06:45:22.865, 0, 2873, 100
2026/10/10 06:45:23.065, 0, 2873, 100
2026/10/10 06:45:23.265, 0, 2873, 100
2026/10/10 06:45:23.465, 0, 2873, 100
2026/10/10 06:45:23.666, 0, 2873, 100
2026/10/10 06:45:23.866, 0, 2873, 100
2026/10/10 06:45:24.066, 0, 2873, 100
2026/10/10 06:45:24.266, 0, 2873, 100
2026/10/10 06:45:24.466, 0, 2873, 100
2026/10/10 06:45:24.666, 0, 2873, 100
2026/10/10 06:45:24.866, 0, 2873, 100
2026/10/10 06:45:25.066, 0, 2873, 100
2026/10/10 06:45:25.267, 0, 2873, 100
2026/10/10 06:45:25.467, 0, 2873, 100
2026/10/10 06:45:25.667, 0, 2873, 100
2026/10/10 06:45:25.867, 0, 2873, 100
2026/10/10 06:45:26.067, 0, 2873, 100
2026/10/10 06:45:26.267, 0, 2873, 100
2026/10/10 06:45:26.468, 0, 2873, 100
2026/10/10 06:45:26.668, 0, 2873, 100
2026/10/10 06:45:26.868, 0, 2873, 100
2026/10/10 06:45:27.068, 0, 2873, 100
2026/10/10 06:45:27.268, 0, 2873, 100
2026/10/10 06:45:27.468, 0, 2873, 100
2026/10/10 06:45:27.669, 0, 2873, 100
2026/10/10 06:45:27.869, 0, 2873, 100
2026/10/10 06:45:28.069, 0, 2873, 100
2026/10/10 06:45:28.269, 0, 2873, 100
2026/10/10 06:45:28.469, 0, 2873, 100
2026/10/10 06:45:28.669, 0, 2873, 100
2026/10/10 06:45:28.869, 0, 2873, 100
2026/10/10 06:45:29.069, 0, 2873, 100
2026/10/10 06:45:29.270, 0, 2873, 100
2026/10/10 06:45:29.470, 0, 2873, 100
2026/10/10 06:45:29.670, 0, 2873, 100
2026/10/10 06:45:29.870, 0, 2873, 100
2026/10/10 06:45:30.070, 0, 2873, 100
2026/10/10 06:45:30.270, 0, 2873, 100
2026/10/10 06:45:30.470, 0, 2873, 100
2026/10/10 06:45:30.670, 0, 2873, 100
2026/10/10 06:45:30.871, 0, 2873, 100
2026/10/10 06:45:31.071, 0, 2873, 100
2026/10/10 06:45:31.271, 0, 2873, 100
2026/10/10 06:45:31.471, 0, 2873, 100
2026/10/10 06:45:31.672, 0, 2873, 100
2026/10/10 06:45:31.872, 0, 2873, 100
2026/10/10 06:45:32.072, 0, 2873, 100
2026/10/10 06:45:32.272, 0, 2873, 100
2026/10/10 06:45:32.472, 0, 2873, 100
2026/10/10 06:45:32.672, 0, 2873, 100
2026/10/10 06:45:32.872, 0, 2873, 100
2026/10/10 06:45:33.073, 0, 2873, 100
2026/10/10 06:45:33.273, 0, 2873, 100
2026/10/10 06:45:33.473, 0, 2873, 100
2026/10/10 06:45:33.673, 0, 2873, 100
2026/10/10 06:45:33.873, 0, 2873, 100
2026/10/10 06:45:34.073, 0, 2873, 100
2026/10/10 06:45:34.273, 0, 2873, 100
2026/10/10 06:45:34.473, 0, 2873, 100
2026/10/10 06:45:34.673, 0, 2873, 100
2026/10/10 06:45:34.874, 0, 2873, 100
2026/10/10 06:45:35.074, 0, 3097, 100
2026/10/10 06:45:35.274, 0, 3097, 64
2026/10/10 06:45:35.474, 0, 3129, 19
2026/10/10 06:45:35.674, 0, 3133, 0
2026/10/10 06:45:35.874, 0, 3133, 0
2026/10/10 06:45:36.074, 0, 3133, 0
2026/10/10 06:45:36.275, 0, 3133, 0
2026/10/10 06:45:36.475, 0, 3453, 0
2026/10/10 06:45:36.675, 0, 3453, 0
2026/10/10 06:45:36.875, 0, 3455, 0
2026/10/10 06:45:37.075, 0, 3455, 0
2026/10/10 06:45:37.276, 0, 3455, 0
2026/10/10 06:45:37.476, 0, 3457, 0
2026/10/10 06:45:37.676, 0, 3457, 0
2026/10/10 06:45:37.876, 0, 3457, 0
2026/10/10 06:45:38.076, 0, 3457, 0
2026/10/10 06:45:38.277, 0, 3475, 0
2026/10/10 06:45:38.477, 0, 3541, 2
2026/10/10 06:45:38.677, 0, 3541, 0
2026/10/10 06:45:38.877, 0, 3541, 90
2026/10/10 06:45:39.077, 0, 3541, 91
2026/10/10 06:45:39.278, 0, 3541, 92
2026/10/10 06:45:39.478, 0, 3541, 89
2026/10/10 06:45:39.678, 0, 3541, 77
2026/10/10 06:45:39.878, 0, 3541, 63
2026/10/10 06:45:40.078, 0, 3541, 62
2026/10/10 06:45:40.278, 0, 3541, 65
2026/10/10 06:45:40.479, 0, 3541, 65
2026/10/10 06:45:40.679, 0, 3541, 65
2026/10/10 06:45:40.879, 0, 3541, 65
2026/10/10 06:45:41.079, 0, 3541, 66
2026/10/10 06:45:41.279, 0, 3541, 95
2026/10/10 06:45:41.480, 0, 3541, 94
2026/10/10 06:45:41.680, 0, 3541, 64
2026/10/10 06:45:41.880, 0, 3541, 93
2026/10/10 06:45:42.080, 0, 3541, 93
2026/10/10 06:45:42.280, 0, 3541, 66
2026/10/10 06:45:42.481, 0, 3541, 93
2026/10/10 06:45:42.681, 0, 3541, 95
2026/10/10 06:45:42.881, 0, 3541, 78
2026/10/10 06:45:43.081, 0, 3541, 69
2026/10/10 06:45:43.281, 0, 3541, 95
2026/10/10 06:45:43.482, 0, 3541, 95
2026/10/10 06:45:43.682, 0, 3541, 66
2026/10/10 06:45:43.882, 0, 3541, 96
2026/10/10 06:45:44.082, 0, 3541, 95
2026/10/10 06:45:44.282, 0, 3541, 67
2026/10/10 06:45:44.482, 0, 3541, 95
2026/10/10 06:45:44.683, 0, 3541, 95
2026/10/10 06:45:44.883, 0, 3541, 66
2026/10/10 06:45:45.083, 0, 3541, 95
2026/10/10 06:45:45.283, 0, 3541, 95
2026/10/10 06:45:45.483, 0, 3541, 66
2026/10/10 06:45:45.684, 0, 3541, 95
2026/10/10 06:45:45.884, 0, 3541, 95
2026/10/10 06:45:46.084, 0, 3541, 66
2026/10/10 06:45:46.284, 0, 3541, 95
2026/10/10 06:45:46.484, 0, 3541, 95
2026/10/10 06:45:46.684, 0, 3541, 66
2026/10/10 06:45:46.885, 0, 3541, 95
2026/10/10 06:45:47.085, 0, 3541, 95
2026/10/10 06:45:47.285, 0, 3541, 65
2026/10/10 06:45:47.485, 0, 3541, 95
2026/10/10 06:45:47.685, 0, 3541, 95
2026/10/10 06:45:47.886, 0, 3541, 65
2026/10/10 06:45:48.086, 0, 3541, 95
2026/10/10 06:45:48.286, 0, 3541, 96
2026/10/10 06:45:48.486, 0, 3541, 66
2026/10/10 06:45:48.686, 0, 3541, 95
2026/10/10 06:45:48.887, 0, 3541, 96
2026/10/10 06:45:49.087, 0, 3541, 65
2026/10/10 06:45:49.287, 0, 3541, 95
2026/10/10 06:45:49.487, 0, 3541, 95
2026/10/10 06:45:49.687, 0, 3541, 66
2026/10/10 06:45:49.887, 0, 3541, 95
2026/10/10 06:45:50.088, 0, 3541, 96
2026/10/10 06:45:50.288, 0, 3541, 67
2026/10/10 06:45:50.489, 0, 3541, 95
2026/10/10 06:45:50.689, 0, 3541, 95
2026/10/10 06:45:50.895, 0, 3541, 65
2026/10/10 06:45:51.096, 0, 3541, 95
2026/10/10 06:45:51.296, 0, 3541, 87
2026/10/10 06:45:51.496, 0, 3541, 83
2026/10/10 06:45:51.696, 0, 3541, 95
2026/10/10 06:45:51.896, 0, 3541, 67
2026/10/10 06:45:52.097, 0, 3541, 96
2026/10/10 06:45:52.297, 0, 3541, 96
2026/10/10 06:45:52.497, 0, 3541, 64
2026/10/10 06:45:52.697, 0, 3541, 96
2026/10/10 06:45:52.897, 0, 3541, 96
2026/10/10 06:45:53.098, 0, 3541, 66
2026/10/10 06:45:53.298, 0, 3541, 96
2026/10/10 06:45:53.498, 0, 3541, 95
2026/10/10 06:45:53.698, 0, 3541, 84
2026/10/10 06:45:53.898, 0, 3541, 95
2026/10/10 06:45:54.099, 0, 3541, 66
2026/10/10 06:45:54.299, 0, 3541, 96
2026/10/10 06:45:54.499, 0, 3541, 96
2026/10/10 06:45:54.699, 0, 3541, 66
2026/10/10 06:45:54.900, 0, 3541, 96
2026/10/10 06:45:55.100, 0, 3541, 89
2026/10/10 06:45:55.300, 0, 3541, 96
2026/10/10 06:45:55.501, 0, 3541, 95
2026/10/10 06:45:55.701, 0, 3541, 27
2026/10/10 06:45:55.902, 0, 3541, 83
2026/10/10 06:45:56.102, 0, 3541, 83
2026/10/10 06:45:56.302, 0, 3541, 83
2026/10/10 06:45:56.502, 0, 3541, 87
2026/10/10 06:45:56.703, 0, 3541, 83
2026/10/10 06:45:56.903, 0, 3541, 83
2026/10/10 06:45:57.103, 0, 3541, 82
2026/10/10 06:45:57.303, 0, 3541, 82
2026/10/10 06:45:57.503, 0, 3541, 83
2026/10/10 06:45:57.704, 0, 3541, 89
2026/10/10 06:45:57.904, 0, 3541, 84
2026/10/10 06:45:58.104, 0, 3541, 83
2026/10/10 06:45:58.304, 0, 3541, 83
2026/10/10 06:45:58.504, 0, 3541, 83
2026/10/10 06:45:58.705, 0, 3541, 87
2026/10/10 06:45:58.905, 0, 3541, 83
2026/10/10 06:45:59.105, 0, 3541, 83
2026/10/10 06:45:59.305, 0, 3541, 86
2026/10/10 06:45:59.505, 0, 3541, 82
2026/10/10 06:45:59.706, 0, 3541, 87
2026/10/10 06:45:59.906, 0, 3541, 86
2026/10/10 06:46:00.106, 0, 3541, 83
2026/10/10 06:46:00.306, 0, 3541, 83
2026/10/10 06:46:00.506, 0, 3541, 85
2026/10/10 06:46:00.707, 0, 3541, 82
2026/10/10 06:46:00.907, 0, 3541, 73
2026/10/10 06:46:01.107, 0, 3541, 83
2026/10/10 06:46:01.307, 0, 3541, 64
2026/10/10 06:46:01.507, 0, 3541, 83
2026/10/10 06:46:01.708, 0, 3541, 65
2026/10/10 06:46:01.908, 0, 3541, 88
2026/10/10 06:46:02.108, 0, 3541, 78
2026/10/10 06:46:02.308, 0, 3541, 87
2026/10/10 06:46:02.508, 0, 3541, 87
2026/10/10 06:46:02.709, 0, 3541, 83
2026/10/10 06:46:02.909, 0, 3541, 85
2026/10/10 06:46:03.109, 0, 3541, 83
2026/10/10 06:46:03.309, 0, 3541, 86
2026/10/10 06:46:03.509, 0, 3541, 85
2026/10/10 06:46:03.710, 0, 3541, 83
2026/10/10 06:46:03.910, 0, 3541, 84
2026/10/10 06:46:04.110, 0, 3541, 82
2026/10/10 06:46:04.310, 0, 3541, 88
2026/10/10 06:46:04.510, 0, 3541, 83
2026/10/10 06:46:04.711, 0, 3541, 83
2026/10/10 06:46:04.911, 0, 3541, 88
2026/10/10 06:46:05.111, 0, 3541, 83
2026/10/10 06:46:05.311, 0, 3541, 82
2026/10/10 06:46:05.511, 0, 3541, 85
2026/10/10 06:46:05.712, 0, 3541, 70
2026/10/10 06:46:05.912, 0, 3541, 83
2026/10/10 06:46:06.112, 0, 3541, 58
2026/10/10 06:46:06.312, 0, 3541, 86
2026/10/10 06:46:06.512, 0, 3541, 58
2026/10/10 06:46:06.712, 0, 3541, 83
2026/10/10 06:46:06.913, 0, 3541, 57
2026/10/10 06:46:07.113, 0, 3541, 84
2026/10/10 06:46:07.313, 0, 3541, 58
2026/10/10 06:46:07.513, 0, 3541, 82
2026/10/10 06:46:07.713, 0, 3541, 0
2026/10/10 06:46:07.913, 0, 3541, 99
2026/10/10 06:46:08.114, 0, 3541, 99
2026/10/10 06:46:08.314, 0, 3541, 99
2026/10/10 06:46:08.514, 0, 3541, 99
2026/10/10 06:46:08.714, 0, 3541, 98
2026/10/10 06:46:08.914, 0, 3541, 99
2026/10/10 06:46:09.114, 0, 3541, 99
2026/10/10 06:46:09.315, 0, 3541, 98
2026/10/10 06:46:09.515, 0, 3541, 99
2026/10/10 06:46:09.717, 0, 3541, 99
2026/10/10 06:46:09.917, 0, 3541, 99
2026/10/10 06:46:10.118, 0, 3541, 99
2026/10/10 06:46:10.318, 0, 3541, 99
2026/10/10 06:46:10.518, 0, 3541, 99
2026/10/10 06:46:10.718, 0, 3541, 99
2026/10/10 06:46:10.918, 0, 3541, 99
2026/10/10 06:46:11.118, 0, 3541, 99
2026/10/10 06:46:11.318, 0, 3541, 99
2026/10/10 06:46:11.519, 0, 3541, 99
2026/10/10 06:46:11.719, 0, 3541, 99
2026/10/10 06:46:11.919, 0, 3541, 99
2026/10/10 06:46:12.119, 0, 3541, 99
2026/10/10 06:46:12.319, 0, 3541, 99
2026/10/10 06:46:12.519, 0, 3541, 99
2026/10/10 06:46:12.720, 0, 3541, 99
2026/10/10 06:46:12.920, 0, 3541, 99
2026/10/10 06:46:13.120, 0, 3541, 99
2026/10/10 06:46:13.320, 0, 3541, 99
2026/10/10 06:46:13.520, 0, 3541, 99
2026/10/10 06:46:13.720, 0, 3541, 99
2026/10/10 06:46:13.920, 0, 3541, 99
2026/10/10 06:46:14.121, 0, 3541, 99
2026/10/10 06:46:14.321, 0, 3541, 99
2026/10/10 06:46:14.521, 0, 3541, 99
2026/10/10 06:46:14.721, 0, 3541, 99
2026/10/10 06:46:14.921, 0, 3541, 99
2026/10/10 06:46:15.121, 0, 3541, 99
2026/10/10 06:46:15.321, 0, 3541, 99
2026/10/10 06:46:15.522, 0, 3541, 99
2026/10/10 06:46:15.722, 0, 3541, 99
2026/10/10 06:46:15.922, 0, 3541, 99
2026/10/10 06:46:16.122, 0, 3541, 99
2026/10/10 06:46:16.322, 0, 3541, 99
2026/10/10 06:46:16.522, 0, 3541, 99
2026/10/10 06:46:16.723, 0, 3541, 99
2026/10/10 06:46:16.923, 0, 3541, 99
2026/10/10 06:46:17.123, 0, 3541, 99
2026/10/10 06:46:17.323, 0, 3541, 99
2026/10/10 06:46:17.523, 0, 3541, 99
2026/10/10 06:46:17.723, 0, 3541, 99
2026/10/10 06:46:17.924, 0, 3541, 98
2026/10/10 06:46:18.124, 0, 3541, 99
2026/10/10 06:46:18.324, 0, 3541, 99
2026/10/10 06:46:18.524, 0, 3541, 99
2026/10/10 06:46:18.724, 0, 3541, 99
2026/10/10 06:46:18.924, 0, 3541, 99
2026/10/10 06:46:19.124, 0, 3541, 99
2026/10/10 06:46:19.325, 0, 3541, 99
2026/10/10 06:46:19.525, 0, 3541, 99
2026/10/10 06:46:19.725, 0, 3541, 99
2026/10/10 06:46:19.925, 0, 3541, 99
2026/10/10 06:46:20.125, 0, 3541, 99
2026/10/10 06:46:20.325, 0, 3541, 99
2026/10/10 06:46:20.526, 0, 3541, 99
2026/10/10 06:46:20.726, 0, 3541, 99
2026/10/10 06:46:20.929, 0, 3541, 99
2026/10/10 06:46:21.129, 0, 3541, 99
2026/10/10 06:46:21.329, 0, 3541, 99
2026/10/10 06:46:21.529, 0, 3541, 99
2026/10/10 06:46:21.729, 0, 3541, 99
2026/10/10 06:46:21.929, 0, 3541, 99
2026/10/10 06:46:22.130, 0, 3541, 99
2026/10/10 06:46:22.330, 0, 3541, 99
2026/10/10 06:46:22.530, 0, 3541, 99
2026/10/10 06:46:22.730, 0, 3541, 99
2026/10/10 06:46:22.930, 0, 3541, 99
2026/10/10 06:46:23.131, 0, 3541, 99
2026/10/10 06:46:23.331, 0, 3541, 99
2026/10/10 06:46:23.531, 0, 3541, 99
2026/10/10 06:46:23.731, 0, 3541, 99
2026/10/10 06:46:23.931, 0, 3541, 99
2026/10/10 06:46:24.131, 0, 3541, 99
2026/10/10 06:46:24.332, 0, 3541, 99
2026/10/10 06:46:24.532, 0, 3541, 99
2026/10/10 06:46:24.733, 0, 3541, 99
2026/10/10 06:46:24.933, 0, 3541, 99
2026/10/10 06:46:25.133, 0, 3541, 99
2026/10/10 06:46:25.333, 0, 3541, 99
2026/10/10 06:46:25.533, 0, 3541, 99
2026/10/10 06:46:25.734, 0, 3541, 99
2026/10/10 06:46:25.934, 0, 3541, 99
2026/10/10 06:46:26.134, 0, 3541, 99
2026/10/10 06:46:26.334, 0, 3541, 99
2026/10/10 06:46:26.534, 0, 3541, 99
2026/10/10 06:46:26.734, 0, 3541, 99
2026/10/10 06:46:26.935, 0, 3541, 99
2026/10/10 06:46:27.135, 0, 3541, 99
2026/10/10 06:46:27.335, 0, 3541, 99
2026/10/10 06:46:27.535, 0, 3541, 98
2026/10/10 06:46:27.735, 0, 3541, 99
2026/10/10 06:46:27.935, 0, 3541, 99
2026/10/10 06:46:28.136, 0, 3541, 99
2026/10/10 06:46:28.336, 0, 3541, 99
2026/10/10 06:46:28.536, 0, 3541, 99
2026/10/10 06:46:28.736, 0, 3541, 99
2026/10/10 06:46:28.936, 0, 3541, 99
2026/10/10 06:46:29.136, 0, 3541, 99
2026/10/10 06:46:29.337, 0, 3541, 99
2026/10/10 06:46:29.537, 0, 3541, 99
2026/10/10 06:46:29.737, 0, 3541, 99
2026/10/10 06:46:29.937, 0, 3541, 99
2026/10/10 06:46:30.137, 0, 3541, 99
2026/10/10 06:46:30.337, 0, 3541, 99
2026/10/10 06:46:30.538, 0, 3541, 99
2026/10/10 06:46:30.738, 0, 3541, 99
2026/10/10 06:46:30.938, 0, 3541, 99
2026/10/10 06:46:31.138, 0, 3541, 99
2026/10/10 06:46:31.338, 0, 3541, 99
2026/10/10 06:46:31.538, 0, 3541, 99
2026/10/10 06:46:31.738, 0, 3541, 99
2026/10/10 06:46:31.939, 0, 3541, 99
2026/10/10 06:46:32.139, 0, 3541, 99
2026/10/10 06:46:32.339, 0, 3541, 99
2026/10/10 06:46:32.539, 0, 3541, 99
2026/10/10 06:46:32.739, 0, 3541, 99
2026/10/10 06:46:32.939, 0, 3541, 99
2026/10/10 06:46:33.140, 0, 3541, 99
2026/10/10 06:46:33.340, 0, 3541, 99
2026/10/10 06:46:33.540, 0, 3541, 98
2026/10/10 06:46:33.740, 0, 3541, 99
2026/10/10 06:46:33.942, 0, 3541, 99
2026/10/10 06:46:34.142, 0, 3541, 99
2026/10/10 06:46:34.342, 0, 3541, 99
2026/10/10 06:46:34.542, 0, 3541, 99
2026/10/10 06:46:34.742, 0, 3541, 99
2026/10/10 06:46:34.942, 0, 3541, 99
2026/10/10 06:46:35.143, 0, 3541, 99
2026/10/10 06:46:35.343, 0, 3541, 99
2026/10/10 06:46:35.543, 0, 3541, 99
2026/10/10 06:46:35.743, 0, 3541, 99
2026/10/10 06:46:35.943, 0, 3541, 99
2026/10/10 06:46:36.143, 0, 3541, 99
2026/10/10 06:46:36.344, 0, 3541, 99
2026/10/10 06:46:36.544, 0, 3541, 99
2026/10/10 06:46:36.744, 0, 3541, 99
2026/10/10 06:46:36.944, 0, 3541, 99
2026/10/10 06:46:37.144, 0, 3541, 99
2026/10/10 06:46:37.344, 0, 3541, 99
2026/10/10 06:46:37.544, 0, 3541, 99
2026/10/10 06:46:37.745, 0, 3541, 99
2026/10/10 06:46:37.945, 0, 3541, 99
2026/10/10 06:46:38.145, 0, 3541, 99
2026/10/10 06:46:38.345, 0, 3541, 99
2026/10/10 06:46:38.545, 0, 3541, 99
2026/10/10 06:46:38.745, 0, 3541, 99
2026/10/10 06:46:38.945, 0, 3541, 99
2026/10/10 06:46:39.146, 0, 3541, 99
2026/10/10 06:46:39.346, 0, 3541, 99
2026/10/10 06:46:39.546, 0, 3541, 99
2026/10/10 06:46:39.746, 0, 3541, 99
2026/10/10 06:46:39.946, 0, 3541, 99
2026/10/10 06:46:40.146, 0, 3541, 98
2026/10/10 06:46:40.347, 0, 3541, 99
2026/10/10 06:46:40.547, 0, 3541, 99
2026/10/10 06:46:40.747, 0, 3541, 98
2026/10/10 06:46:40.947, 0, 3541, 99
2026/10/10 06:46:41.147, 0, 3541, 99
2026/10/10 06:46:41.347, 0, 3541, 99
2026/10/10 06:46:41.547, 0, 3541, 98
2026/10/10 06:46:41.748, 0, 3541, 99
2026/10/10 06:46:41.948, 0, 3541, 99
2026/10/10 06:46:42.148, 0, 3541, 99
2026/10/10 06:46:42.349, 0, 3541, 99
2026/10/10 06:46:42.549, 0, 3541, 99
2026/10/10 06:46:42.749, 0, 3541, 99
2026/10/10 06:46:42.949, 0, 3541, 99
2026/10/10 06:46:43.150, 0, 3541, 99
2026/10/10 06:46:43.350, 0, 3541, 99
2026/10/10 06:46:43.550, 0, 3541, 99
2026/10/10 06:46:43.750, 0, 3541, 99
2026/10/10 06:46:43.950, 0, 3541, 99
2026/10/10 06:46:44.150, 0, 3541, 99
2026/10/10 06:46:44.350, 0, 3541, 99
2026/10/10 06:46:44.551, 0, 3541, 99
2026/10/10 06:46:44.751, 0, 3541, 99
2026/10/10 06:46:44.951, 0, 3541, 98
2026/10/10 06:46:45.151, 0, 3541, 98
2026/10/10 06:46:45.351, 0, 3541, 98
2026/10/10 06:46:45.551, 0, 3541, 99
2026/10/10 06:46:45.751, 0, 3541, 99
2026/10/10 06:46:45.951, 0, 3541, 99
2026/10/10 06:46:46.152, 0, 3541, 99
2026/10/10 06:46:46.352, 0, 3541, 98
2026/10/10 06:46:46.552, 0, 3541, 99
2026/10/10 06:46:46.752, 0, 3541, 99
2026/10/10 06:46:46.952, 0, 3541, 99
2026/10/10 06:46:47.152, 0, 3541, 99
2026/10/10 06:46:47.352, 0, 3541, 99
2026/10/10 06:46:47.552, 0, 3541, 99
2026/10/10 06:46:47.752, 0, 3541, 99
2026/10/10 06:46:47.952, 0, 3541, 99
2026/10/10 06:46:48.153, 0, 3541, 99
2026/10/10 06:46:48.353, 0, 3541, 99
2026/10/10 06:46:48.553, 0, 3541, 99
2026/10/10 06:46:48.753, 0, 3541, 99
2026/10/10 06:46:48.953, 0, 3541, 99
2026/10/10 06:46:49.153, 0, 3541, 99
2026/10/10 06:46:49.353, 0, 3541, 99
2026/10/10 06:46:49.553, 0, 3541, 99
2026/10/10 06:46:49.753, 0, 3541, 99
2026/10/10 06:46:49.953, 0, 3541, 99
2026/10/10 06:46:50.153, 0, 3541, 99
2026/10/10 06:46:50.354, 0, 3541, 99
2026/10/10 06:46:50.554, 0, 3541, 99
2026/10/10 06:46:50.754, 0, 3541, 99
2026/10/10 06:46:50.963, 0, 3541, 99
2026/10/10 06:46:51.163, 0, 3541, 99
2026/10/10 06:46:51.363, 0, 3541, 99
2026/10/10 06:46:51.563, 0, 3541, 98
2026/10/10 06:46:51.763, 0, 3541, 99
2026/10/10 06:46:51.963, 0, 3541, 99
2026/10/10 06:46:52.163, 0, 3541, 99
2026/10/10 06:46:52.364, 0, 3541, 99
2026/10/10 06:46:52.564, 0, 3541, 99
2026/10/10 06:46:52.764, 0, 3541, 99
2026/10/10 06:46:52.964, 0, 3541, 99
2026/10/10 06:46:53.164, 0, 3541, 99
2026/10/10 06:46:53.364, 0, 3541, 99
2026/10/10 06:46:53.564, 0, 3541, 99
2026/10/10 06:46:53.764, 0, 3541, 99
2026/10/10 06:46:53.964, 0, 3541, 99
2026/10/10 06:46:54.164, 0, 3541, 99
2026/10/10 06:46:54.364, 0, 3541, 99
2026/10/10 06:46:54.565, 0, 3541, 99
2026/10/10 06:46:54.765, 0, 3541, 99
2026/10/10 06:46:54.965, 0, 3541, 99
2026/10/10 06:46:55.165, 0, 3541, 99
2026/10/10 06:46:55.365, 0, 3541, 99
2026/10/10 06:46:55.565, 0, 3541, 98
2026/10/10 06:46:55.765, 0, 3541, 99
2026/10/10 06:46:55.965, 0, 3541, 99
2026/10/10 06:46:56.165, 0, 3541, 99
2026/10/10 06:46:56.365, 0, 3541, 98
2026/10/10 06:46:56.566, 0, 3541, 99
2026/10/10 06:46:56.766, 0, 3541, 99
2026/10/10 06:46:56.966, 0, 3541, 99
2026/10/10 06:46:57.166, 0, 3541, 99
2026/10/10 06:46:57.366, 0, 3541, 99
2026/10/10 06:46:57.566, 0, 3541, 98
2026/10/10 06:46:57.766, 0, 3541, 98
2026/10/10 06:46:57.967, 0, 3541, 99
2026/10/10 06:46:58.167, 0, 3541, 99
2026/10/10 06:46:58.367, 0, 3541, 99
2026/10/10 06:46:58.567, 0, 3541, 99
2026/10/10 06:46:58.767, 0, 3541, 99
2026/10/10 06:46:58.967, 0, 3541, 99
2026/10/10 06:46:59.167, 0, 3541, 99
2026/10/10 06:46:59.367, 0, 3541, 99
2026/10/10 06:46:59.567, 0, 3541, 99
2026/10/10 06:46:59.767, 0, 3541, 99
2026/10/10 06:46:59.967, 0, 3541, 99
2026/10/10 06:47:00.168, 0, 3541, 99
2026/10/10 06:47:00.368, 0, 3541, 99
2026/10/10 06:47:00.568, 0, 3541, 99
2026/10/10 06:47:00.768, 0, 3541, 99
2026/10/10 06:47:00.968, 0, 3541, 99
2026/10/10 06:47:01.168, 0, 3541, 99
2026/10/10 06:47:01.368, 0, 3541, 99
2026/10/10 06:47:01.568, 0, 3541, 99
2026/10/10 06:47:01.768, 0, 3541, 99
2026/10/10 06:47:01.968, 0, 3541, 99
2026/10/10 06:47:02.169, 0, 3541, 99
2026/10/10 06:47:02.369, 0, 3541, 99
2026/10/10 06:47:02.569, 0, 3541, 99
2026/10/10 06:47:02.769, 0, 3541, 99
2026/10/10 06:47:02.969, 0, 3541, 99
2026/10/10 06:47:03.169, 0, 3541, 99
2026/10/10 06:47:03.369, 0, 3541, 99
2026/10/10 06:47:03.569, 0, 3541, 99
2026/10/10 06:47:03.769, 0, 3541, 99
2026/10/10 06:47:03.969, 0, 3541, 99
2026/10/10 06:47:04.170, 0, 3541, 99
2026/10/10 06:47:04.370, 0, 3541, 99
2026/10/10 06:47:04.570, 0, 3541, 99
2026/10/10 06:47:04.770, 0, 3541, 99
2026/10/10 06:47:04.970, 0, 3541, 99
2026/10/10 06:47:05.170, 0, 3541, 99
2026/10/10 06:47:05.370, 0, 3541, 99
2026/10/10 06:47:05.570, 0, 3541, 99
2026/10/10 06:47:05.770, 0, 3541, 99
2026/10/10 06:47:05.970, 0, 3541, 99
2026/10/10 06:47:06.171, 0, 3541, 99
2026/10/10 06:47:06.372, 0, 3541, 98
2026/10/10 06:47:06.572, 0, 3541, 99
2026/10/10 06:47:06.772, 0, 3541, 99
2026/10/10 06:47:06.972, 0, 3541, 99
2026/10/10 06:47:07.173, 0, 3541, 99
2026/10/10 06:47:07.373, 0, 3541, 99
2026/10/10 06:47:07.573, 0, 3541, 99
2026/10/10 06:47:07.773, 0, 3541, 99
2026/10/10 06:47:07.973, 0, 3541, 99
2026/10/10 06:47:08.173, 0, 3541, 99
2026/10/10 06:47:08.373, 0, 3541, 99
2026/10/10 06:47:08.573, 0, 3541, 99
2026/10/10 06:47:08.773, 0, 3541, 99
2026/10/10 06:47:08.973, 0, 3541, 99
2026/10/10 06:47:09.174, 0, 3541, 99
2026/10/10 06:47:09.374, 0, 3541, 99
2026/10/10 06:47:09.575, 0, 3541, 99
2026/10/10 06:47:09.775, 0, 3541, 99
2026/10/10 06:47:09.975, 0, 3541, 99
2026/10/10 06:47:10.180, 0, 3541, 99
2026/10/10 06:47:10.380, 0, 3541, 99
2026/10/10 06:47:10.580, 0, 3541, 99
2026/10/10 06:47:10.780, 0, 3541, 99
2026/10/10 06:47:10.980, 0, 3541, 98
2026/10/10 06:47:11.181, 0, 3541, 98
2026/10/10 06:47:11.381, 0, 3541, 98
2026/10/10 06:47:11.581, 0, 3541, 98
2026/10/10 06:47:11.781, 0, 3541, 99
2026/10/10 06:47:11.981, 0, 3541, 98
2026/10/10 06:47:12.181, 0, 3541, 98
2026/10/10 06:47:12.381, 0, 3541, 99
2026/10/10 06:47:12.582, 0, 3541, 98
2026/10/10 06:47:12.782, 0, 3541, 98
2026/10/10 06:47:12.982, 0, 3541, 98
2026/10/10 06:47:13.182, 0, 3541, 99
2026/10/10 06:47:13.382, 0, 3541, 99
2026/10/10 06:47:13.582, 0, 3541, 99
2026/10/10 06:47:13.782, 0, 3541, 98
2026/10/10 06:47:13.983, 0, 3541, 99
2026/10/10 06:47:14.183, 0, 3541, 99
2026/10/10 06:47:14.383, 0, 3541, 99
2026/10/10 06:47:14.583, 0, 3541, 99
2026/10/10 06:47:14.783, 0, 3541, 99
2026/10/10 06:47:14.983, 0, 3541, 99
2026/10/10 06:47:15.183, 0, 3541, 98
2026/10/10 06:47:15.384, 0, 3541, 99
2026/10/10 06:47:15.584, 0, 3541, 96
2026/10/10 06:47:15.784, 0, 3541, 98
2026/10/10 06:47:15.984, 0, 3541, 98
2026/10/10 06:47:16.184, 0, 3541, 98
2026/10/10 06:47:16.384, 0, 3541, 99
2026/10/10 06:47:16.584, 0, 3541, 99
2026/10/10 06:47:16.785, 0, 3541, 99
2026/10/10 06:47:16.985, 0, 3541, 99
2026/10/10 06:47:17.185, 0, 3541, 99
2026/10/10 06:47:17.385, 0, 3541, 98
2026/10/10 06:47:17.585, 0, 3541, 98
2026/10/10 06:47:17.787, 0, 3541, 99
2026/10/10 06:47:17.987, 0, 3541, 98
2026/10/10 06:47:18.187, 0, 3541, 98
2026/10/10 06:47:18.387, 0, 3541, 99
2026/10/10 06:47:18.588, 0, 3541, 99
2026/10/10 06:47:18.788, 0, 3541, 99
2026/10/10 06:47:18.988, 0, 3541, 99
2026/10/10 06:47:19.188, 0, 3541, 98
2026/10/10 06:47:19.388, 0, 3541, 99
2026/10/10 06:47:19.588, 0, 3541, 99
2026/10/10 06:47:19.788, 0, 3541, 98
2026/10/10 06:47:19.988, 0, 3541, 99
2026/10/10 06:47:20.189, 0, 3541, 98
2026/10/10 06:47:20.389, 0, 3541, 99
2026/10/10 06:47:20.589, 0, 3541, 99
2026/10/10 06:47:20.789, 0, 3541, 92
2026/10/10 06:47:20.997, 0, 3541, 0
2026/10/10 06:47:21.197, 0, 3541, 0
2026/10/10 06:47:21.397, 0, 3541, 0
2026/10/10 06:47:21.597, 0, 3541, 0
2026/10/10 06:47:21.797, 0, 3541, 0
2026/10/10 06:47:21.998, 0, 3541, 0
2026/10/10 06:47:22.198, 0, 1619, 7
2026/10/10 06:47:22.398, 0, 1619, 0
2026/10/10 06:47:22.598, 0, 1619, 0
2026/10/10 06:47:22.798, 0, 1619, 0
2026/10/10 06:47:22.998, 0, 1601, 0
2026/10/10 06:47:23.199, 0, 1601, 0
2026/10/10 06:47:23.399, 0, 0, 5
2026/10/10 06:47:23.599, 0, 0, 0
2026/10/10 06:47:23.799, 0, 0, 0
2026/10/10 06:47:23.999, 0, 0, 0
2026/10/10 06:47:24.200, 0, 0, 0
2026/10/10 06:47:24.400, 0, 0, 0
2026/10/10 06:47:24.600, 0, 0, 0
2026/10/10 06:47:24.800, 0, 0, 0
2026/10/10 06:47:25.000, 0, 0, 0
2026/10/10 06:47:25.201, 0, 0, 0
2026/10/10 06:47:25.401, 0, 0, 0
2026/10/10 06:47:25.601, 0, 0, 0
2026/10/10 06:47:25.801, 0, 0, 0
2026/10/10 06:47:26.001, 0, 0, 0
2026/10/10 06:47:26.201, 0, 0, 0
2026/10/10 06:47:26.402, 0, 0, 0
2026/10/10 06:47:26.602, 0, 0, 0
2026/10/10 06:47:26.802, 0, 0, 0
2026/10/10 06:47:27.002, 0, 0, 0
2026/10/10 06:47:27.202, 0, 0, 0
2026/10/10 06:47:27.402, 0, 0, 0
2026/10/10 06:47:27.603, 0, 0, 0
2026/10/10 06:47:27.803, 0, 0, 0
2026/10/10 06:47:28.003, 0, 0, 0
2026/10/10 06:47:28.203, 0, 0, 0
2026/10/10 06:47:28.403, 0, 0, 0
2026/10/10 06:47:28.603, 0, 0, 0
2026/10/10 06:47:28.804, 0, 0, 0
2026/10/10 06:47:29.004, 0, 0, 0
2026/10/10 06:47:29.204, 0, 0, 0
2026/10/10 06:47:29.404, 0, 0, 0
2026/10/10 06:47:29.604, 0, 0, 0
2026/10/10 06:47:29.804, 0, 0, 0
2026/10/10 06:47:30.005, 0, 0, 0
2026/10/10 06:47:30.205, 0, 0, 0
2026/10/10 06:47:30.405, 0, 0, 0
2026/10/10 06:47:30.605, 0, 0, 0
2026/10/10 06:47:30.805, 0, 0, 0
2026/10/10 06:47:31.005, 0, 0, 0
2026/10/10 06:47:31.206, 0, 0, 0
2026/10/10 06:47:31.406, 0, 0, 0
2026/10/10 06:47:31.606, 0, 0, 0
2026/10/10 06:47:31.806, 0, 0, 0
2026/10/10 06:47:32.006, 0, 0, 0
2026/10/10 06:47:32.206, 0, 0, 0
2026/10/10 06:47:32.407, 0, 0, 0
2026/10/10 06:47:32.607, 0, 1, 0
2026/10/10 06:47:32.808, 0, 559, 1
2026/10/10 06:47:33.008, 0, 863, 0
2026/10/10 06:47:33.208, 0, 863, 0
2026/10/10 06:47:33.409, 0, 863, 0
2026/10/10 06:47:33.609, 0, 863, 0
2026/10/10 06:47:33.809, 0, 865, 0
2026/10/10 06:47:34.009, 0, 865, 0
2026/10/10 06:47:34.209, 0, 865, 0
2026/10/10 06:47:34.410, 0, 897, 0
2026/10/10 06:47:34.610, 0, 929, 1
2026/10/10 06:47:34.810, 0, 949, 0
2026/10/10 06:47:35.010, 0, 981, 1
2026/10/10 06:47:35.210, 0, 981, 0
2026/10/10 06:47:35.410, 0, 981, 0
2026/10/10 06:47:35.611, 0, 981, 0
2026/10/10 06:47:35.811, 0, 981, 0
2026/10/10 06:47:36.018, 0, 981, 0
2026/10/10 06:47:36.219, 0, 981, 0
2026/10/10 06:47:36.419, 0, 981, 0
2026/10/10 06:47:36.619, 0, 1995, 0
2026/10/10 06:47:36.819, 0, 1977, 2
2026/10/10 06:47:37.019, 0, 1977, 0
2026/10/10 06:47:37.220, 0, 1977, 18
2026/10/10 06:47:37.420, 0, 1977, 0
2026/10/10 06:47:37.620, 0, 2009, 1
2026/10/10 06:47:37.820, 0, 2009, 58
2026/10/10 06:47:38.020, 0, 2009, 100
2026/10/10 06:47:38.220, 0, 2009, 100
2026/10/10 06:47:38.421, 0, 2009, 100
2026/10/10 06:47:38.621, 0, 2009, 100
2026/10/10 06:47:38.821, 0, 2009, 100
2026/10/10 06:47:39.021, 0, 2009, 100
2026/10/10 06:47:39.221, 0, 2009, 100
2026/10/10 06:47:39.421, 0, 2009, 100
2026/10/10 06:47:39.621, 0, 2009, 100
2026/10/10 06:47:39.822, 0, 2009, 100
2026/10/10 06:47:40.022, 0, 2009, 100
2026/10/10 06:47:40.222, 0, 2009, 100
2026/10/10 06:47:40.422, 0, 2009, 100
2026/10/10 06:47:40.622, 0, 2009, 100
2026/10/10 06:47:40.823, 0, 2009, 100
2026/10/10 06:47:41.023, 0, 2009, 100
2026/10/10 06:47:41.223, 0, 2009, 100
2026/10/10 06:47:41.424, 0, 2009, 100
2026/10/10 06:47:41.624, 0, 2009, 100
2026/10/10 06:47:41.824, 0, 2009, 100
2026/10/10 06:47:42.024, 0, 2009, 100
2026/10/10 06:47:42.224, 0, 2009, 100
2026/10/10 06:47:42.424, 0, 2009, 100
2026/10/10 06:47:42.624, 0, 2009, 100
2026/10/10 06:47:42.825, 0, 2009, 100
2026/10/10 06:47:43.025, 0, 2009, 100
2026/10/10 06:47:43.225, 0, 2009, 100
2026/10/10 06:47:43.425, 0, 2009, 100
2026/10/10 06:47:43.625, 0, 2009, 100
2026/10/10 06:47:43.825, 0, 2009, 100
2026/10/10 06:47:44.025, 0, 2009, 100
2026/10/10 06:47:44.225, 0, 2009, 100
2026/10/10 06:47:44.426, 0, 2009, 100
2026/10/10 06:47:44.626, 0, 2009, 100
2026/10/10 06:47:44.826, 0, 2009, 100
2026/10/10 06:47:45.026, 0, 2009, 100
2026/10/10 06:47:45.226, 0, 2009, 100
2026/10/10 06:47:45.426, 0, 2009, 100
2026/10/10 06:47:45.626, 0, 2009, 100
2026/10/10 06:47:45.827, 0, 2009, 100
2026/10/10 06:47:46.027, 0, 2009, 100
2026/10/10 06:47:46.227, 0, 2009, 100
2026/10/10 06:47:46.427, 0, 2009, 100
2026/10/10 06:47:46.627, 0, 2009, 100
2026/10/10 06:47:46.827, 0, 2009, 100
2026/10/10 06:47:47.027, 0, 2009, 100
2026/10/10 06:47:47.228, 0, 2009, 100
2026/10/10 06:47:47.428, 0, 2009, 100
2026/10/10 06:47:47.628, 0, 2009, 100
2026/10/10 06:47:47.831, 0, 2009, 100
2026/10/10 06:47:48.031, 0, 2009, 100
2026/10/10 06:47:48.231, 0, 2009, 100
2026/10/10 06:47:48.431, 0, 2009, 100
2026/10/10 06:47:48.631, 0, 2009, 100
2026/10/10 06:47:48.831, 0, 2009, 100
2026/10/10 06:47:49.031, 0, 2009, 100
2026/10/10 06:47:49.232, 0, 2009, 100
2026/10/10 06:47:49.432, 0, 2009, 100
2026/10/10 06:47:49.632, 0, 2009, 100
2026/10/10 06:47:49.832, 0, 2009, 100
2026/10/10 06:47:50.032, 0, 2009, 100
2026/10/10 06:47:50.232, 0, 2009, 100
2026/10/10 06:47:50.432, 0, 2009, 100
2026/10/10 06:47:50.633, 0, 2009, 100
2026/10/10 06:47:50.833, 0, 2009, 100
2026/10/10 06:47:51.033, 0, 2009, 100
2026/10/10 06:47:51.233, 0, 2233, 23
2026/10/10 06:47:51.433, 0, 2233, 0
2026/10/10 06:47:51.633, 0, 2075, 0
2026/10/10 06:47:51.833, 0, 2075, 0
2026/10/10 06:47:52.034, 0, 2075, 0
2026/10/10 06:47:52.234, 0, 2075, 0
2026/10/10 06:47:52.434, 0, 2395, 0
2026/10/10 06:47:52.634, 0, 2395, 0
2026/10/10 06:47:52.834, 0, 2397, 0
2026/10/10 06:47:53.034, 0, 2397, 0
2026/10/10 06:47:53.234, 0, 2397, 0
2026/10/10 06:47:53.434, 0, 2397, 0
2026/10/10 06:47:53.635, 0, 2399, 0
2026/10/10 06:47:53.835, 0, 2399, 0
2026/10/10 06:47:54.035, 0, 2399, 0
2026/10/10 06:47:54.235, 0, 2417, 0
2026/10/10 06:47:54.435, 0, 2417, 2
2026/10/10 06:47:54.635, 0, 2419, 11
2026/10/10 06:47:54.835, 0, 2419, 72
2026/10/10 06:47:55.035, 0, 2419, 71
2026/10/10 06:47:55.236, 0, 2419, 80
2026/10/10 06:47:55.443, 0, 2419, 84
2026/10/10 06:47:55.644, 0, 2419, 87
2026/10/10 06:47:55.844, 0, 2419, 88
2026/10/10 06:47:56.044, 0, 2419, 86
2026/10/10 06:47:56.244, 0, 2419, 86
2026/10/10 06:47:56.444, 0, 2419, 84
2026/10/10 06:47:56.644, 0, 2419, 87
2026/10/10 06:47:56.844, 0, 2419, 87
2026/10/10 06:47:57.045, 0, 2419, 86
2026/10/10 06:47:57.245, 0, 2419, 84
2026/10/10 06:47:57.445, 0, 2419, 87
2026/10/10 06:47:57.645, 0, 2419, 88
2026/10/10 06:47:57.845, 0, 2419, 84
2026/10/10 06:47:58.045, 0, 2419, 84
2026/10/10 06:47:58.245, 0, 2419, 85
2026/10/10 06:47:58.446, 0, 2419, 86
2026/10/10 06:47:58.646, 0, 2419, 86
2026/10/10 06:47:58.846, 0, 2419, 84
2026/10/10 06:47:59.046, 0, 2419, 84
2026/10/10 06:47:59.246, 0, 2419, 88
2026/10/10 06:47:59.446, 0, 2419, 85
2026/10/10 06:47:59.648, 0, 2419, 85
2026/10/10 06:47:59.848, 0, 2419, 79
2026/10/10 06:48:00.048, 0, 2419, 84
2026/10/10 06:48:00.248, 0, 2419, 84
2026/10/10 06:48:00.448, 0, 2419, 78
2026/10/10 06:48:00.648, 0, 2419, 84
2026/10/10 06:48:00.848, 0, 2419, 83
2026/10/10 06:48:01.049, 0, 2419, 81
2026/10/10 06:48:01.249, 0, 2419, 89
2026/10/10 06:48:01.449, 0, 2419, 90
2026/10/10 06:48:01.649, 0, 2419, 89
2026/10/10 06:48:01.849, 0, 2419, 87
2026/10/10 06:48:02.049, 0, 2419, 87
2026/10/10 06:48:02.249, 0, 2419, 84
2026/10/10 06:48:02.450, 0, 2419, 87
2026/10/10 06:48:02.650, 0, 2419, 85
2026/10/10 06:48:02.850, 0, 2419, 21
2026/10/10 06:48:03.050, 0, 2419, 71
2026/10/10 06:48:03.250, 0, 2419, 72
2026/10/10 06:48:03.450, 0, 2419, 81
2026/10/10 06:48:03.650, 0, 2419, 88
2026/10/10 06:48:03.850, 0, 2419, 88
2026/10/10 06:48:04.051, 0, 2419, 90
2026/10/10 06:48:04.251, 0, 2419, 86
2026/10/10 06:48:04.451, 0, 2419, 89
2026/10/10 06:48:04.651, 0, 2419, 85
2026/10/10 06:48:04.851, 0, 2419, 87
2026/10/10 06:48:05.051, 0, 2419, 86
2026/10/10 06:48:05.251, 0, 2419, 87
2026/10/10 06:48:05.451, 0, 2419, 85
2026/10/10 06:48:05.652, 0, 2419, 88
2026/10/10 06:48:05.852, 0, 2419, 87
2026/10/10 06:48:06.052, 0, 2419, 84
2026/10/10 06:48:06.252, 0, 2419, 83
2026/10/10 06:48:06.452, 0, 2419, 86
2026/10/10 06:48:06.652, 0, 2419, 87
2026/10/10 06:48:06.852, 0, 2419, 86
2026/10/10 06:48:07.052, 0, 2419, 85
2026/10/10 06:48:07.253, 0, 2419, 86
2026/10/10 06:48:07.453, 0, 2419, 86
2026/10/10 06:48:07.653, 0, 2419, 85
2026/10/10 06:48:07.853, 0, 2419, 84
2026/10/10 06:48:08.053, 0, 2419, 85
2026/10/10 06:48:08.253, 0, 2419, 80
2026/10/10 06:48:08.453, 0, 2419, 86
2026/10/10 06:48:08.654, 0, 2419, 85
2026/10/10 06:48:08.854, 0, 2419, 80
2026/10/10 06:48:09.054, 0, 2419, 82
2026/10/10 06:48:09.254, 0, 2419, 91
2026/10/10 06:48:09.454, 0, 2419, 90
2026/10/10 06:48:09.654, 0, 2419, 87
2026/10/10 06:48:09.854, 0, 2419, 87
2026/10/10 06:48:10.054, 0, 2419, 85
2026/10/10 06:48:10.254, 0, 2419, 86
2026/10/10 06:48:10.455, 0, 2419, 85
2026/10/10 06:48:10.655, 0, 2419, 89
2026/10/10 06:48:10.855, 0, 2419, 87
2026/10/10 06:48:11.055, 0, 2419, 85
2026/10/10 06:48:11.255, 0, 2419, 88
2026/10/10 06:48:11.455, 0, 2419, 87
2026/10/10 06:48:11.656, 0, 2419, 85
2026/10/10 06:48:11.856, 0, 2419, 85
2026/10/10 06:48:12.056, 0, 2419, 89
2026/10/10 06:48:12.256, 0, 2419, 87
2026/10/10 06:48:12.456, 0, 2419, 86
2026/10/10 06:48:12.656, 0, 2419, 84
2026/10/10 06:48:12.857, 0, 2419, 85
2026/10/10 06:48:13.057, 0, 2419, 89
2026/10/10 06:48:13.257, 0, 2419, 86
2026/10/10 06:48:13.457, 0, 2419, 87
2026/10/10 06:48:13.657, 0, 2419, 75
2026/10/10 06:48:13.857, 0, 2419, 71
2026/10/10 06:48:14.057, 0, 2419, 70
2026/10/10 06:48:14.257, 0, 2419, 83
2026/10/10 06:48:14.458, 0, 2419, 87
2026/10/10 06:48:14.658, 0, 2419, 89
2026/10/10 06:48:14.858, 0, 2419, 90
2026/10/10 06:48:15.058, 0, 2419, 86
2026/10/10 06:48:15.258, 0, 2419, 90
2026/10/10 06:48:15.458, 0, 2419, 85
2026/10/10 06:48:15.658, 0, 2419, 88
2026/10/10 06:48:15.859, 0, 2419, 88
2026/10/10 06:48:16.059, 0, 2419, 87
2026/10/10 06:48:16.259, 0, 2419, 85
2026/10/10 06:48:16.459, 0, 2419, 88
2026/10/10 06:48:16.659, 0, 2419, 88
2026/10/10 06:48:16.859, 0, 2419, 84
2026/10/10 06:48:17.059, 0, 2419, 85
2026/10/10 06:48:17.260, 0, 2419, 87
2026/10/10 06:48:17.460, 0, 2419, 88
2026/10/10 06:48:17.660, 0, 2419, 86
2026/10/10 06:48:17.860, 0, 2419, 86
2026/10/10 06:48:18.060, 0, 2419, 86
2026/10/10 06:48:18.260, 0, 2419, 86
2026/10/10 06:48:18.460, 0, 2419, 85
2026/10/10 06:48:18.660, 0, 2419, 84
2026/10/10 06:48:18.861, 0, 2419, 87
2026/10/10 06:48:19.061, 0, 2419, 80
2026/10/10 06:48:19.261, 0, 2419, 86
2026/10/10 06:48:19.461, 0, 2419, 85
2026/10/10 06:48:19.661, 0, 2419, 80
2026/10/10 06:48:19.861, 0, 2419, 83
2026/10/10 06:48:20.061, 0, 2419, 92
2026/10/10 06:48:20.262, 0, 2419, 90
2026/10/10 06:48:20.462, 0, 2419, 87
2026/10/10 06:48:20.662, 0, 2419, 83
2026/10/10 06:48:20.862, 0, 2419, 85
2026/10/10 06:48:21.065, 0, 2419, 86
2026/10/10 06:48:21.265, 0, 2419, 86
2026/10/10 06:48:21.465, 0, 2419, 88
2026/10/10 06:48:21.665, 0, 2419, 87
2026/10/10 06:48:21.865, 0, 2419, 86
2026/10/10 06:48:22.066, 0, 2419, 88
2026/10/10 06:48:22.266, 0, 2419, 88
2026/10/10 06:48:22.466, 0, 2419, 85
2026/10/10 06:48:22.666, 0, 2419, 84
2026/10/10 06:48:22.866, 0, 2419, 90
2026/10/10 06:48:23.066, 0, 2419, 87
2026/10/10 06:48:23.266, 0, 2419, 86
2026/10/10 06:48:23.467, 0, 2419, 84
2026/10/10 06:48:23.667, 0, 2419, 85
2026/10/10 06:48:23.867, 0, 2419, 90
2026/10/10 06:48:24.067, 0, 2419, 85
2026/10/10 06:48:24.267, 0, 2419, 87
2026/10/10 06:48:24.467, 0, 2419, 74
2026/10/10 06:48:24.668, 0, 2419, 73
2026/10/10 06:48:24.868, 0, 2419, 73
2026/10/10 06:48:25.068, 0, 2419, 81
2026/10/10 06:48:25.268, 0, 2419, 88
2026/10/10 06:48:25.468, 0, 2419, 89
2026/10/10 06:48:25.668, 0, 2419, 90
2026/10/10 06:48:25.868, 0, 2419, 85
2026/10/10 06:48:26.069, 0, 2419, 90
2026/10/10 06:48:26.269, 0, 2419, 85
2026/10/10 06:48:26.469, 0, 2419, 86
2026/10/10 06:48:26.669, 0, 2419, 87
2026/10/10 06:48:26.869, 0, 2419, 88
2026/10/10 06:48:27.069, 0, 2419, 86
2026/10/10 06:48:27.269, 0, 2419, 87
2026/10/10 06:48:27.469, 0, 2419, 87
2026/10/10 06:48:27.670, 0, 2419, 86
2026/10/10 06:48:27.870, 0, 2419, 84
2026/10/10 06:48:28.070, 0, 2419, 87
2026/10/10 06:48:28.270, 0, 2419, 87
2026/10/10 06:48:28.470, 0, 2419, 86
2026/10/10 06:48:28.672, 0, 2419, 86
2026/10/10 06:48:28.872, 0, 2419, 87
2026/10/10 06:48:29.072, 0, 2419, 86
2026/10/10 06:48:29.272, 0, 2419, 85
2026/10/10 06:48:29.472, 0, 2419, 81
2026/10/10 06:48:29.673, 0, 2419, 87
2026/10/10 06:48:29.873, 0, 2419, 80
2026/10/10 06:48:30.073, 0, 2419, 85
2026/10/10 06:48:30.273, 0, 2419, 86
2026/10/10 06:48:30.473, 0, 2419, 80
2026/10/10 06:48:30.673, 0, 2419, 84
2026/10/10 06:48:30.874, 0, 2419, 91
2026/10/10 06:48:31.074, 0, 2419, 90
2026/10/10 06:48:31.274, 0, 2419, 87
2026/10/10 06:48:31.474, 0, 2419, 88
2026/10/10 06:48:31.674, 0, 2419, 84
2026/10/10 06:48:31.874, 0, 2419, 86
2026/10/10 06:48:32.074, 0, 2419, 86
2026/10/10 06:48:32.275, 0, 2419, 88
2026/10/10 06:48:32.475, 0, 2419, 89
2026/10/10 06:48:32.675, 0, 2419, 86
2026/10/10 06:48:32.876, 0, 2419, 88
2026/10/10 06:48:33.076, 0, 2419, 88
2026/10/10 06:48:33.276, 0, 2419, 85
2026/10/10 06:48:33.476, 0, 2419, 85
2026/10/10 06:48:33.676, 0, 2419, 90
2026/10/10 06:48:33.876, 0, 2419, 87
2026/10/10 06:48:34.076, 0, 2419, 86
2026/10/10 06:48:34.276, 0, 2419, 85
2026/10/10 06:48:34.477, 0, 2419, 85
2026/10/10 06:48:34.677, 0, 2419, 89
2026/10/10 06:48:34.877, 0, 2419, 87
2026/10/10 06:48:35.077, 0, 2419, 87
2026/10/10 06:48:35.277, 0, 1521, 36
2026/10/10 06:48:35.477, 0, 1521, 0
2026/10/10 06:48:35.678, 0, 1521, 0
2026/10/10 06:48:35.878, 0, 1521, 0
2026/10/10 06:48:36.078, 0, 1503, 0
2026/10/10 06:48:36.278, 0, 0, 0
